[3]1,572,0,0,,8
[7]2,68,0,0.6004901960784312,,2
[0]1,34,0,0,,4
[8]2,8,0,0.6875,,3
[1]1,3,0,0,,4
[9]2,1,0,0.2916666666666667,,2
[2]1,1,0,0,,0
[4]1,0,0,0,,0
[10]2,0,0,0,,0
[11]2,0,0,0,,0
[12]2,1,0,1.0,,0
[2]1,3,0,0,,3
[10]2,1,0,1.0,,4
[0]1,0,0,0,,0
[1]1,0,0,0,,0
[3]1,1,0,0,,0
[4]1,0,0,0,,0
[11]2,1,0,1.0,,0
[12]2,1,0,0.125,,8
[0]1,0,0,0,,0
[1]1,0,0,0,,0
[2]1,0,0,0,,0
[3]1,0,0,0,,0
|[5, 0]1|,0,0,0,,0
|[5, 1]1|,0,0,0,,0
|[5, 2]1|,0,0,0,,0
|[5, 3]1|,1,0,0,,0
[4]1,2,0,0,,4
[9]2,1,0,1.0,,4
[1]1,0,0,0,,0
[2]1,1,0,0,,0
|[5, 1]1|,0,0,0,,0
|[5, 2]1|,0,0,0,,0
[10]2,0,0,0,,0
[11]2,0,0,0,,0
[12]2,1,0,1.0,,0
[10]2,12,0,0.8715277777777778,,5
[0]1,3,0,0,,2
[8]2,2,0,1.0,,3
[1]1,1,0,0,,1
[11]2,1,0,1.0,,0
[2]1,1,0,0,,0
[4]1,0,0,0,,0
[11]2,1,0,1.0,,0
[1]1,3,0,0,,2
[8]2,2,0,0.5833333333333334,,3
[0]1,1,0,0,,0
[2]1,0,0,0,,0
[4]1,0,0,0,,0
[11]2,1,0,0.2916666666666667,,5
[0]1,1,0,0,,0
[1]1,0,0,0,,0
[2]1,0,0,0,,0
[3]1,0,0,0,,0
[4]1,0,0,0,,0
[2]1,2,0,0,,2
[8]2,0,0,0,,0
[11]2,1,0,1.0,,0
[3]1,2,0,0,,2
[8]2,1,0,1.0,,0
[11]2,1,0,1.0,,12
[0]1,0,0,0,,0
[1]1,0,0,0,,0
[2]1,0,0,0,,0
[3]1,0,0,0,,0
|[4, 0]1|,0,0,0,,0
|[4, 1]1|,0,0,0,,0
|[4, 2]1|,0,0,0,,0
|[4, 3]1|,0,0,0,,0
|[4, 5, 0]1|,0,0,0,,0
|[4, 5, 1]1|,1,0,0,,0
|[4, 5, 2]1|,0,0,0,,0
|[4, 5, 3]1|,0,0,0,,0
[4]1,2,0,0,,2
[8]2,1,0,1.0,,0
[11]2,1,0,1.0,,8
[0]1,0,0,0,,0
[1]1,0,0,0,,0
[2]1,1,0,0,,0
[3]1,0,0,0,,0
|[5, 0]1|,0,0,0,,0
|[5, 1]1|,0,0,0,,0
|[5, 2]1|,0,0,0,,0
|[5, 3]1|,0,0,0,,0
[11]2,4,0,0.3333333333333333,,5
[0]1,1,0,0,,3
[8]2,1,0,1.0,,0
[10]2,0,0,0,,0
[12]2,0,0,0,,0
[1]1,1,0,0,,3
[8]2,0,0,0,,0
[10]2,1,0,-0.041666666666666664,,0
[12]2,0,0,0,,0
[2]1,0,0,0,,0
[3]1,0,0,0,,0
[4]1,1,0,0,,0
[12]2,9,0,0.6898148148148148,,21
[0]1,1,0,0,,4
[7]2,0,0,0,,0
[8]2,1,0,1.0,,0
[10]2,0,0,0,,0
[11]2,0,0,0,,0
[1]1,1,0,0,,4
[7]2,0,0,0,,0
[8]2,1,0,1.0,,0
[10]2,0,0,0,,0
[11]2,0,0,0,,0
[2]1,1,0,0,,4
[7]2,0,0,0,,0
[8]2,1,0,1.0,,0
[10]2,0,0,0,,0
[11]2,0,0,0,,0
[3]1,1,0,0,,4
[7]2,0,0,0,,0
[8]2,0,0,0,,0
[10]2,1,0,1.0,,0
[11]2,0,0,0,,0
|[4, 0]1|,1,0,0,,4
[7]2,0,0,0,,0
[8]2,0,0,0,,0
[10]2,0,0,0,,0
[11]2,1,0,1.0,,0
|[4, 1]1|,1,0,0,,4
[7]2,0,0,0,,0
[8]2,0,0,0,,0
[10]2,0,0,0,,0
[11]2,1,0,0.08333333333333333,,0
|[4, 2]1|,1,0,0,,0
|[4, 3]1|,1,0,0,,4
[7]2,0,0,0,,0
[8]2,1,0,0.041666666666666664,,0
[10]2,0,0,0,,0
[11]2,0,0,0,,0
|[4, 5]1|,1,0,0,,4
[7]2,0,0,0,,0
[8]2,0,0,0,,0
[10]2,0,0,0,,0
[11]2,1,0,0.08333333333333333,,0
|[5, 0]1|,0,0,0,,0
|[5, 1]1|,0,0,0,,0
|[5, 2]1|,0,0,0,,0
|[5, 3]1|,0,0,0,,0
|[5, 4, 0]1|,0,0,0,,0
|[5, 4, 1]1|,0,0,0,,0
|[5, 4, 2]1|,0,0,0,,0
|[5, 4, 3]1|,0,0,0,,0
|[5, 4, 5, 0]1|,0,0,0,,0
|[5, 4, 5, 1]1|,0,0,0,,0
|[5, 4, 5, 2]1|,0,0,0,,0
|[5, 4, 5, 3]1|,0,0,0,,0
[4]1,34,0,0,,5
[8]2,8,0,0.53125,,2
[0]1,4,0,0,,3
[10]2,2,0,1.0,,8
[0]1,1,0,0,,1
[11]2,1,0,1.0,,0
[1]1,1,0,0,,0
[2]1,0,0,0,,0
[3]1,0,0,0,,0
|[5, 0]1|,0,0,0,,0
|[5, 1]1|,0,0,0,,0
|[5, 2]1|,0,0,0,,0
|[5, 3]1|,0,0,0,,0
[11]2,1,0,0.0,,8
[0]1,0,0,0,,0
[1]1,0,0,0,,0
[2]1,0,0,0,,0
[3]1,0,0,0,,0
|[5, 0]1|,1,0,0,,0
|[5, 1]1|,0,0,0,,0
|[5, 2]1|,0,0,0,,0
|[5, 3]1|,0,0,0,,0
[12]2,1,0,0.25,,0
|[5, 0]1|,4,0,0,,3
[10]2,1,0,1.0,,4
[0]1,0,0,0,,0
[1]1,1,0,0,,0
[2]1,0,0,0,,0
[3]1,0,0,0,,0
[11]2,1,0,1.0,,0
[12]2,1,0,-0.041666666666666664,,8
[0]1,1,0,0,,0
[1]1,0,0,0,,0
[2]1,0,0,0,,0
[3]1,0,0,0,,0
|[5, 0]1|,0,0,0,,0
|[5, 1]1|,0,0,0,,0
|[5, 2]1|,0,0,0,,0
|[5, 3]1|,0,0,0,,0
[9]2,8,0,0.5833333333333334,,2
[0]1,4,0,0,,4
[8]2,1,0,0.0,,4
[1]1,0,0,0,,0
[2]1,0,0,0,,0
|[5, 1]1|,0,0,0,,0
|[5, 2]1|,1,0,0,,0
[10]2,1,0,1.0,,8
[0]1,0,0,0,,0
[1]1,0,0,0,,0
[2]1,0,0,0,,0
[3]1,0,0,0,,0
|[5, 0]1|,0,0,0,,0
|[5, 1]1|,0,0,0,,0
|[5, 2]1|,1,0,0,,0
|[5, 3]1|,0,0,0,,0
[11]2,0,0,0,,0
[12]2,1,0,1.0,,0
|[5, 0]1|,4,0,0,,4
[8]2,1,0,0.2916666666666667,,2
[1]1,1,0,0,,0
[2]1,0,0,0,,0
[10]2,1,0,1.0,,4
[0]1,1,0,0,,0
[1]1,0,0,0,,0
[2]1,0,0,0,,0
[3]1,0,0,0,,0
[11]2,1,0,1.0,,0
[12]2,1,0,0.2916666666666667,,8
[0]1,0,0,0,,0
[1]1,1,0,0,,0
[2]1,0,0,0,,0
[4]1,0,0,0,,0
|[5, 0]1|,0,0,0,,0
|[5, 1]1|,0,0,0,,0
|[5, 2]1|,0,0,0,,0
|[5, 4]1|,0,0,0,,0
[10]2,8,0,0.5260416666666666,,2
[0]1,4,0,0,,3
[9]2,1,0,1.0,,8
[1]1,0,0,0,,0
[2]1,0,0,0,,0
[3]1,1,0,0,,0
[4]1,0,0,0,,0
|[5, 1]1|,0,0,0,,0
|[5, 2]1|,0,0,0,,0
|[5, 3]1|,0,0,0,,0
|[5, 4]1|,0,0,0,,0
[11]2,1,0,0.08333333333333333,,10
[0]1,0,0,0,,0
[1]1,0,0,0,,0
[2]1,0,0,0,,0
[3]1,0,0,0,,0
[4]1,1,0,0,,0
|[5, 0]1|,0,0,0,,0
|[5, 1]1|,0,0,0,,0
|[5, 2]1|,0,0,0,,0
|[5, 3]1|,0,0,0,,0
|[5, 4]1|,0,0,0,,0
[12]2,1,0,-0.16666666666666666,,0
|[5, 0]1|,4,0,0,,3
[9]2,1,0,0.0,,4
[1]1,0,0,0,,0
[2]1,0,0,0,,0
[3]1,0,0,0,,0
[4]1,1,0,0,,0
[11]2,2,0,0.6458333333333334,,5
[0]1,1,0,0,,2
[9]2,1,0,0.2916666666666667,,0
[12]2,0,0,0,,0
[1]1,0,0,0,,0
[2]1,1,0,0,,0
[3]1,0,0,0,,0
[4]1,0,0,0,,0
[12]2,1,0,1.0,,0
[11]2,6,0,0.39583333333333326,,6
[0]1,1,0,0,,2
[9]2,1,0,0.375,,0
[12]2,0,0,0,,0
[1]1,1,0,0,,3
[8]2,1,0,1.0,,0
[9]2,0,0,0,,0
[12]2,0,0,0,,0
[2]1,1,0,0,,2
[8]2,0,0,0,,0
[12]2,1,0,0.3333333333333333,,0
|[5, 0]1|,1,0,0,,2
[9]2,0,0,0,,0
[12]2,1,0,0.2916666666666667,,0
|[5, 1]1|,1,0,0,,3
[8]2,0,0,0,,0
[9]2,0,0,0,,0
[12]2,1,0,0.2916666666666667,,0
|[5, 2]1|,1,0,0,,0
[12]2,4,0,0.20833333333333331,,6
[0]1,1,0,0,,5
[7]2,0,0,0,,0
[8]2,0,0,0,,0
[9]2,1,0,0.3333333333333333,,0
[10]2,0,0,0,,0
[11]2,0,0,0,,0
[1]1,1,0,0,,5
[7]2,0,0,0,,0
[8]2,0,0,0,,0
[9]2,0,0,0,,0
[10]2,0,0,0,,0
[11]2,1,0,0.125,,0
[2]1,0,0,0,,0
[3]1,1,0,0,,0
[4]1,0,0,0,,0
[5]1,0,0,0,,0
[9]2,108,0,0.6905864197530865,,2
[0]1,54,0,0,,3
[7]2,26,0,0.7884615384615384,,4
[0]1,7,0,0,,4
[8]2,2,0,1.0,,3
[1]1,1,0,0,,0
[2]1,1,0,0,,2
[10]2,1,0,1.0,,0
[11]2,0,0,0,,0
[4]1,0,0,0,,0
[9]2,1,0,0.16666666666666666,,0
[10]2,2,0,0.6666666666666666,,3
[1]1,1,0,0,,2
[8]2,1,0,0.3333333333333333,,0
[11]2,0,0,0,,0
[2]1,1,0,0,,0
[4]1,0,0,0,,0
[11]2,2,0,0.6666666666666666,,5
[0]1,1,0,0,,4
[8]2,0,0,0,,0
[10]2,0,0,0,,0
|[12, 8]2|,1,0,0.3333333333333333,,0
|[12, 10]2|,0,0,0,,0
[1]1,0,0,0,,0
[2]1,0,0,0,,0
[3]1,1,0,0,,0
[4]1,0,0,0,,0
[1]1,7,0,0,,4
[8]2,1,0,0.16666666666666666,,3
[0]1,0,0,0,,0
[2]1,0,0,0,,0
[4]1,1,0,0,,0
[9]2,3,0,0.75,,3
[0]1,1,0,0,,2
[8]2,0,0,0,,0
[10]2,1,0,1.0,,0
[2]1,1,0,0,,3
[8]2,0,0,0,,0
[10]2,0,0,0,,0
[11]2,1,0,0.25,,0
[4]1,1,0,0,,0
[10]2,1,0,0.041666666666666664,,3
[0]1,1,0,0,,0
[2]1,0,0,0,,0
[4]1,0,0,0,,0
[11]2,1,0,0.20833333333333334,,0
[2]1,6,0,0,,3
[8]2,2,0,1.0,,3
[0]1,1,0,0,,3
[9]2,0,0,0,,0
[10]2,0,0,0,,0
[11]2,1,0,1.0,,0
[1]1,0,0,0,,0
[4]1,1,0,0,,0
[10]2,2,0,1.0,,4
[0]1,1,0,0,,0
[1]1,0,0,0,,0
[3]1,0,0,0,,0
[4]1,0,0,0,,0
[11]2,2,0,1.0,,5
[0]1,1,0,0,,4
[8]2,1,0,1.0,,0
[10]2,0,0,0,,0
|[12, 8]2|,0,0,0,,0
|[12, 10]2|,0,0,0,,0
[1]1,0,0,0,,0
[2]1,1,0,0,,0
[3]1,0,0,0,,0
[4]1,0,0,0,,0
[4]1,6,0,0,,4
[8]2,2,0,1.0,,6
[0]1,1,0,0,,0
[1]1,1,0,0,,3
[9]2,1,0,1.0,,0
[10]2,0,0,0,,0
[11]2,0,0,0,,0
[2]1,0,0,0,,0
|[5, 0]1|,0,0,0,,0
|[5, 1]1|,0,0,0,,0
|[5, 2]1|,0,0,0,,0
[9]2,2,0,1.0,,6
[0]1,0,0,0,,0
[1]1,0,0,0,,0
[2]1,0,0,0,,0
|[5, 0]1|,0,0,0,,0
|[5, 1]1|,1,0,0,,0
|[5, 2]1|,0,0,0,,0
[10]2,1,0,1.0,,6
[0]1,0,0,0,,0
[1]1,0,0,0,,0
[2]1,0,0,0,,0
|[5, 0]1|,0,0,0,,0
|[5, 1]1|,0,0,0,,0
|[5, 2]1|,1,0,0,,0
[11]2,1,0,1.0,,8
[0]1,0,0,0,,0
[1]1,0,0,0,,0
[2]1,0,0,0,,0
[3]1,0,0,0,,0
|[5, 0]1|,0,0,0,,0
|[5, 1]1|,0,0,0,,0
|[5, 2]1|,0,0,0,,0
|[5, 3]1|,1,0,0,,0
[11]2,13,0,0.5000000000000001,,4
[0]1,3,0,0,,2
[7]2,2,0,0.27083333333333337,,4
[0]1,1,0,0,,0
[1]1,1,0,0,,4
[8]2,0,0,0,,0
[9]2,0,0,0,,0
[10]2,1,0,0.2916666666666667,,0
[11]2,0,0,0,,0
[2]1,0,0,0,,0
[4]1,0,0,0,,0
[12]2,1,0,0.125,,0
[1]1,3,0,0,,2
[7]2,2,0,0.4583333333333333,,4
[0]1,1,0,0,,5
[8]2,0,0,0,,0
[9]2,0,0,0,,0
[10]2,0,0,0,,0
[11]2,0,0,0,,0
[12]2,1,0,-0.08333333333333333,,0
[2]1,0,0,0,,0
[3]1,0,0,0,,0
[4]1,1,0,0,,0
[12]2,1,0,1.0,,0
[2]1,3,0,0,,2
[7]2,1,0,0.0,,9
[0]1,0,0,0,,0
[1]1,0,0,0,,0
[3]1,0,0,0,,0
|[4, 0]1|,0,0,0,,0
|[4, 1]1|,0,0,0,,0
|[4, 3]1|,0,0,0,,0
|[4, 5, 0]1|,1,0,0,,0
|[4, 5, 1]1|,0,0,0,,0
|[4, 5, 3]1|,0,0,0,,0
[12]2,1,0,1.0,,0
[4]1,3,0,0,,1
[12]2,3,0,0.638888888888889,,5
[0]1,1,0,0,,2
[7]2,0,0,0,,0
[8]2,1,0,-0.08333333333333333,,0
[1]1,0,0,0,,0
[2]1,1,0,0,,0
[3]1,0,0,0,,0
[5]1,0,0,0,,0
[12]2,14,0,0.5595238095238095,,21
[0]1,1,0,0,,2
[7]2,1,0,-0.08333333333333333,,0
[11]2,0,0,0,,0
[1]1,1,0,0,,2
[7]2,1,0,0.0,,0
[11]2,0,0,0,,0
[2]1,1,0,0,,2
[7]2,1,0,1.0,,0
[11]2,0,0,0,,0
[3]1,1,0,0,,2
[7]2,1,0,1.0,,0
[11]2,0,0,0,,0
|[4, 0]1|,1,0,0,,2
[7]2,0,0,0,,0
[11]2,1,0,1.0,,0
|[4, 1]1|,1,0,0,,2
[7]2,0,0,0,,0
[11]2,1,0,0.125,,0
|[4, 2]1|,1,0,0,,2
[7]2,1,0,-0.125,,0
[11]2,0,0,0,,0
|[4, 3]1|,1,0,0,,2
[7]2,0,0,0,,0
[11]2,1,0,1.0,,0
|[4, 5]1|,1,0,0,,2
[7]2,0,0,0,,0
[11]2,1,0,-0.125,,0
|[5, 0]1|,1,0,0,,2
[7]2,0,0,0,,0
[11]2,1,0,1.0,,0
|[5, 1]1|,1,0,0,,2
[7]2,1,0,1.0,,0
[11]2,0,0,0,,0
|[5, 2]1|,1,0,0,,2
[7]2,1,0,1.0,,0
[11]2,0,0,0,,0
|[5, 3]1|,1,0,0,,2
[7]2,0,0,0,,0
[11]2,1,0,0.041666666666666664,,0
|[5, 4, 0]1|,0,0,0,,0
|[5, 4, 1]1|,0,0,0,,0
|[5, 4, 2]1|,0,0,0,,0
|[5, 4, 3]1|,0,0,0,,0
|[5, 4, 5, 0]1|,0,0,0,,0
|[5, 4, 5, 1]1|,1,0,0,,0
|[5, 4, 5, 2]1|,0,0,0,,0
|[5, 4, 5, 3]1|,0,0,0,,0
[4]1,53,0,0,,3
[10]2,6,0,0.1388888888888889,,2
[0]1,3,0,0,,2
[11]2,1,0,-0.125,,8
[0]1,0,0,0,,0
[1]1,0,0,0,,0
[2]1,0,0,0,,0
[3]1,0,0,0,,0
|[5, 0]1|,0,0,0,,0
|[5, 1]1|,0,0,0,,0
|[5, 2]1|,0,0,0,,0
|[5, 3]1|,1,0,0,,0
[12]2,2,0,0.4791666666666667,,5
[0]1,0,0,0,,0
[1]1,0,0,0,,0
[2]1,1,0,0,,0
[3]1,0,0,0,,0
[5]1,0,0,0,,0
|[5, 0]1|,3,0,0,,2
[11]2,1,0,0.041666666666666664,,4
[0]1,0,0,0,,0
[1]1,1,0,0,,0
[2]1,0,0,0,,0
[3]1,0,0,0,,0
[12]2,1,0,-0.041666666666666664,,0
[11]2,13,0,0.5737179487179488,,6
[0]1,3,0,0,,1
[12]2,3,0,0.06944444444444445,,5
[0]1,1,0,0,,2
[7]2,0,0,0,,0
[8]2,1,0,0.041666666666666664,,0
[1]1,1,0,0,,0
[2]1,0,0,0,,0
[3]1,0,0,0,,0
[5]1,0,0,0,,0
[1]1,2,0,0,,1
[12]2,2,0,0.4791666666666667,,5
[0]1,1,0,0,,0
[1]1,0,0,0,,0
[2]1,0,0,0,,0
[3]1,0,0,0,,0
[5]1,0,0,0,,0
[2]1,2,0,0,,1
[12]2,2,0,0.5833333333333334,,5
[0]1,0,0,0,,0
[1]1,1,0,0,,0
[2]1,0,0,0,,0
[3]1,0,0,0,,0
[5]1,0,0,0,,0
|[5, 0]1|,2,0,0,,1
[12]2,1,0,1.0,,0
|[5, 1]1|,2,0,0,,1
[12]2,2,0,1.0,,8
[0]1,0,0,0,,0
[1]1,1,0,0,,0
[2]1,0,0,0,,0
[3]1,0,0,0,,0
|[5, 0]1|,0,0,0,,0
|[5, 1]1|,0,0,0,,0
|[5, 2]1|,0,0,0,,0
|[5, 3]1|,0,0,0,,0
|[5, 2]1|,2,0,0,,1
[12]2,2,0,0.5625,,8
[0]1,0,0,0,,0
[1]1,0,0,0,,0
[2]1,1,0,0,,0
[3]1,0,0,0,,0
|[5, 0]1|,0,0,0,,0
|[5, 1]1|,0,0,0,,0
|[5, 2]1|,0,0,0,,0
|[5, 3]1|,0,0,0,,0
[12]2,34,0,0.8884803921568627,,5
[0]1,7,0,0,,3
[7]2,3,0,1.0,,3
[1]1,1,0,0,,3
[8]2,1,0,1.0,,0
[10]2,0,0,0,,0
[11]2,0,0,0,,0
[2]1,1,0,0,,2
[10]2,1,0,1.0,,0
[11]2,0,0,0,,0
[3]1,1,0,0,,0
[10]2,1,0,0.0,,5
[0]1,1,0,0,,0
[1]1,0,0,0,,0
[2]1,0,0,0,,0
[3]1,0,0,0,,0
[4]1,0,0,0,,0
[11]2,2,0,0.5208333333333334,,5
[0]1,0,0,0,,0
[1]1,0,0,0,,0
[2]1,0,0,0,,0
[3]1,1,0,0,,0
[4]1,0,0,0,,0
[1]1,7,0,0,,3
[7]2,3,0,1.0,,3
[0]1,1,0,0,,3
[8]2,1,0,1.0,,0
[10]2,0,0,0,,0
[11]2,0,0,0,,0
[2]1,0,0,0,,0
[3]1,1,0,0,,0
[10]2,2,0,1.0,,4
[0]1,1,0,0,,4
[7]2,1,0,1.0,,0
[11]2,0,0,0,,0
|[12, 7]2|,0,0,0,,0
|[12, 11]2|,0,0,0,,0
[2]1,0,0,0,,0
[3]1,0,0,0,,0
[4]1,1,0,0,,0
[11]2,2,0,0.5416666666666666,,5
[0]1,1,0,0,,4
[7]2,0,0,0,,0
[10]2,0,0,0,,0
|[12, 7]2|,1,0,0.08333333333333333,,0
|[12, 10]2|,0,0,0,,0
[1]1,0,0,0,,0
[2]1,0,0,0,,0
[3]1,0,0,0,,0
[4]1,1,0,0,,0
[2]1,7,0,0,,3
[7]2,3,0,1.0,,3
[0]1,1,0,0,,3
[8]2,0,0,0,,0
[10]2,1,0,1.0,,0
[11]2,0,0,0,,0
[1]1,1,0,0,,0
[3]1,0,0,0,,0
[10]2,2,0,1.0,,4
[0]1,1,0,0,,4
[7]2,1,0,1.0,,0
[11]2,0,0,0,,0
|[12, 7]2|,0,0,0,,0
|[12, 11]2|,0,0,0,,0
[1]1,0,0,0,,0
[3]1,0,0,0,,0
[4]1,1,0,0,,0
[11]2,2,0,1.0,,5
[0]1,1,0,0,,2
[7]2,1,0,1.0,,0
|[12, 7]2|,0,0,0,,0
[1]1,0,0,0,,0
[2]1,1,0,0,,0
[3]1,0,0,0,,0
[4]1,0,0,0,,0
[3]1,6,0,0,,3
[7]2,2,0,1.0,,3
[0]1,1,0,0,,3
[8]2,0,0,0,,0
[10]2,0,0,0,,0
[11]2,1,0,1.0,,0
[1]1,1,0,0,,0
[2]1,0,0,0,,0
[10]2,2,0,1.0,,9
[0]1,0,0,0,,0
[1]1,0,0,0,,0
[2]1,0,0,0,,0
|[4, 0]1|,1,0,0,,0
|[4, 1]1|,0,0,0,,0
|[4, 2]1|,0,0,0,,0
|[4, 5, 0]1|,0,0,0,,0
|[4, 5, 1]1|,0,0,0,,0
|[4, 5, 2]1|,0,0,0,,0
[11]2,2,0,0.5416666666666666,,9
[0]1,1,0,0,,4
[7]2,1,0,0.08333333333333333,,0
[10]2,0,0,0,,0
|[12, 7]2|,0,0,0,,0
|[12, 10]2|,0,0,0,,0
[1]1,0,0,0,,0
[2]1,0,0,0,,0
|[4, 0]1|,1,0,0,,0
|[4, 1]1|,0,0,0,,0
|[4, 2]1|,0,0,0,,0
|[4, 5, 0]1|,0,0,0,,0
|[4, 5, 1]1|,0,0,0,,0
|[4, 5, 2]1|,0,0,0,,0
[4]1,6,0,0,,2
[10]2,3,0,1.0,,8
[0]1,1,0,0,,0
[1]1,1,0,0,,2
[11]2,1,0,1.0,,0
|[12, 11]2|,0,0,0,,0
[2]1,1,0,0,,2
[11]2,0,0,0,,0
|[12, 11]2|,1,0,1.0,,0
[3]1,0,0,0,,0
|[5, 0]1|,0,0,0,,0
|[5, 1]1|,0,0,0,,0
|[5, 2]1|,0,0,0,,0
|[5, 3]1|,0,0,0,,0
[11]2,3,0,1.0,,8
[0]1,1,0,0,,2
[10]2,1,0,1.0,,0
|[12, 10]2|,0,0,0,,0
[1]1,0,0,0,,0
[2]1,0,0,0,,0
[3]1,0,0,0,,0
|[5, 0]1|,0,0,0,,0
|[5, 1]1|,0,0,0,,0
|[5, 2]1|,0,0,0,,0
|[5, 3]1|,1,0,0,,0
|[10, 7]2|,40,0,0.4729166666666667,,2
[0]1,20,0,0,,4
[8]2,3,0,0.125,,3
[1]1,1,0,0,,0
[2]1,1,0,0,,3
[10]2,0,0,0,,0
[11]2,0,0,0,,0
[12]2,1,0,0.125,,0
[4]1,1,0,0,,4
[9]2,0,0,0,,0
[10]2,0,0,0,,0
[11]2,1,0,0.125,,0
[12]2,0,0,0,,0
[10]2,4,0,0.27083333333333337,,4
[1]1,1,0,0,,0
[2]1,1,0,0,,3
[8]2,0,0,0,,0
[11]2,0,0,0,,0
[12]2,1,0,1.0,,0
[3]1,1,0,0,,3
[8]2,1,0,0.041666666666666664,,0
[11]2,0,0,0,,0
[12]2,0,0,0,,0
[4]1,0,0,0,,0
[11]2,6,0,0.4444444444444444,,5
[0]1,2,0,0,,3
[8]2,1,0,0.16666666666666666,,3
[1]1,0,0,0,,0
[2]1,1,0,0,,0
[4]1,0,0,0,,0
[10]2,1,0,1.0,,0
[12]2,0,0,0,,0
[1]1,1,0,0,,3
[8]2,0,0,0,,0
[10]2,1,0,0.25,,0
[12]2,0,0,0,,0
[2]1,1,0,0,,0
[3]1,1,0,0,,3
[8]2,0,0,0,,0
[10]2,1,0,0.16666666666666666,,0
[12]2,0,0,0,,0
[4]1,1,0,0,,3
[8]2,1,0,1.0,,0
[10]2,0,0,0,,0
[12]2,0,0,0,,0
[12]2,7,0,0.6071428571428571,,16
[0]1,1,0,0,,5
[7]2,1,0,1.0,,0
[8]2,0,0,0,,0
[9]2,0,0,0,,0
[10]2,0,0,0,,0
[11]2,0,0,0,,0
[1]1,1,0,0,,4
[7]2,0,0,0,,0
[8]2,0,0,0,,0
[10]2,1,0,1.0,,0
[11]2,0,0,0,,0
[2]1,1,0,0,,0
|[4, 0]1|,1,0,0,,5
[7]2,0,0,0,,0
[8]2,0,0,0,,0
[9]2,1,0,0.125,,0
[10]2,0,0,0,,0
[11]2,0,0,0,,0
|[4, 1]1|,1,0,0,,4
[7]2,0,0,0,,0
[8]2,0,0,0,,0
[10]2,1,0,1.0,,0
[11]2,0,0,0,,0
|[4, 2]1|,1,0,0,,4
[7]2,0,0,0,,0
[9]2,1,0,0.08333333333333333,,0
[10]2,0,0,0,,0
[11]2,0,0,0,,0
|[4, 5]1|,1,0,0,,5
[7]2,0,0,0,,0
[8]2,0,0,0,,0
[9]2,0,0,0,,0
[10]2,0,0,0,,0
[11]2,1,0,0.041666666666666664,,0
|[5, 0]1|,0,0,0,,0
|[5, 1]1|,0,0,0,,0
|[5, 2]1|,0,0,0,,0
|[5, 4, 0]1|,0,0,0,,0
|[5, 4, 1]1|,0,0,0,,0
|[5, 4, 2]1|,0,0,0,,0
|[5, 4, 5, 0]1|,0,0,0,,0
|[5, 4, 5, 1]1|,0,0,0,,0
|[5, 4, 5, 2]1|,0,0,0,,0
[4]1,20,0,0,,5
[8]2,3,0,0.3888888888888889,,2
[0]1,2,0,0,,3
[10]2,0,0,0,,0
[11]2,1,0,0.16666666666666666,,0
[12]2,0,0,0,,0
|[5, 0]1|,1,0,0,,3
[10]2,0,0,0,,0
[11]2,0,0,0,,0
[12]2,1,0,0.0,,0
[9]2,6,0,0.7361111111111112,,2
[0]1,3,0,0,,4
[8]2,1,0,1.0,,4
[1]1,0,0,0,,0
[2]1,0,0,0,,0
|[5, 1]1|,0,0,0,,0
|[5, 2]1|,1,0,0,,0
[10]2,1,0,1.0,,0
[11]2,0,0,0,,0
[12]2,0,0,0,,0
|[5, 0]1|,3,0,0,,4
[8]2,1,0,0.20833333333333334,,2
[1]1,1,0,0,,0
[2]1,0,0,0,,0
[10]2,1,0,0.20833333333333334,,3
[1]1,0,0,0,,0
[2]1,1,0,0,,0
[3]1,0,0,0,,0
[11]2,0,0,0,,0
[12]2,1,0,1.0,,0
[10]2,4,0,0.5208333333333333,,2
[0]1,2,0,0,,3
[8]2,1,0,0.08333333333333333,,0
[11]2,1,0,1.0,,10
[0]1,0,0,0,,0
[1]1,0,0,0,,0
[2]1,0,0,0,,0
[3]1,1,0,0,,0
[4]1,0,0,0,,0
|[5, 0]1|,0,0,0,,0
|[5, 1]1|,0,0,0,,0
|[5, 2]1|,0,0,0,,0
|[5, 3]1|,0,0,0,,0
|[5, 4]1|,0,0,0,,0
[12]2,0,0,0,,0
|[5, 0]1|,2,0,0,,3
[8]2,1,0,0.0,,0
[11]2,0,0,0,,0
[12]2,0,0,0,,0
[11]2,3,0,0.2777777777777778,,8
[0]1,1,0,0,,2
[10]2,1,0,0.375,,0
[12]2,0,0,0,,0
[1]1,1,0,0,,3
[8]2,1,0,0.20833333333333334,,0
[10]2,0,0,0,,0
[12]2,0,0,0,,0
[2]1,0,0,0,,0
[3]1,0,0,0,,0
|[5, 0]1|,0,0,0,,0
|[5, 1]1|,1,0,0,,0
|[5, 2]1|,0,0,0,,0
|[5, 3]1|,0,0,0,,0
[12]2,3,0,0.34722222222222227,,6
[0]1,1,0,0,,12
[7]2,1,0,0.25,,0
[8]2,0,0,0,,0
|[9, 7]2|,0,0,0,,0
|[9, 8]2|,0,0,0,,0
|[9, 10]2|,0,0,0,,0
|[9, 11]2|,0,0,0,,0
|[9, 12, 7]2|,0,0,0,,0
|[9, 12, 8]2|,0,0,0,,0
|[9, 12, 10]2|,0,0,0,,0
|[9, 12, 11]2|,0,0,0,,0
[10]2,0,0,0,,0
[11]2,0,0,0,,0
[1]1,0,0,0,,0
[2]1,0,0,0,,0
[3]1,0,0,0,,0
[4]1,0,0,0,,0
[5]1,1,0,0,,0
|[10, 9]2|,65,0,0.5967948717948719,,2
[0]1,33,0,0,,3
[7]2,14,0,0.8095238095238095,,4
[0]1,4,0,0,,4
[8]2,1,0,0.2916666666666667,,3
[1]1,0,0,0,,0
[2]1,1,0,0,,0
[4]1,0,0,0,,0
[9]2,1,0,1.0,,0
[10]2,1,0,1.0,,3
[1]1,1,0,0,,0
[2]1,0,0,0,,0
[4]1,0,0,0,,0
[11]2,1,0,1.0,,12
[0]1,0,0,0,,0
[1]1,0,0,0,,0
[2]1,0,0,0,,0
[3]1,0,0,0,,0
|[4, 0]1|,0,0,0,,0
|[4, 1]1|,0,0,0,,0
|[4, 2]1|,0,0,0,,0
|[4, 3]1|,1,0,0,,0
|[4, 5, 0]1|,0,0,0,,0
|[4, 5, 1]1|,0,0,0,,0
|[4, 5, 2]1|,0,0,0,,0
|[4, 5, 3]1|,0,0,0,,0
[1]1,4,0,0,,4
[8]2,1,0,1.0,,3
[0]1,0,0,0,,0
[2]1,1,0,0,,0
[4]1,0,0,0,,0
[9]2,1,0,1.0,,0
[10]2,1,0,1.0,,3
[0]1,0,0,0,,0
[2]1,1,0,0,,0
[4]1,0,0,0,,0
[11]2,1,0,0.3333333333333333,,12
[0]1,1,0,0,,0
[1]1,0,0,0,,0
[2]1,0,0,0,,0
[3]1,0,0,0,,0
|[4, 0]1|,0,0,0,,0
|[4, 1]1|,0,0,0,,0
|[4, 2]1|,0,0,0,,0
|[4, 3]1|,0,0,0,,0
|[4, 5, 0]1|,0,0,0,,0
|[4, 5, 1]1|,0,0,0,,0
|[4, 5, 2]1|,0,0,0,,0
|[4, 5, 3]1|,0,0,0,,0
[2]1,3,0,0,,3
[8]2,1,0,1.0,,0
[10]2,1,0,1.0,,4
[0]1,0,0,0,,0
[1]1,0,0,0,,0
[3]1,0,0,0,,0
[4]1,1,0,0,,0
[11]2,0,0,0,,0
[4]1,3,0,0,,4
[8]2,1,0,1.0,,0
[9]2,1,0,0.4166666666666667,,6
[0]1,0,0,0,,0
[1]1,0,0,0,,0
[2]1,0,0,0,,0
|[5, 0]1|,1,0,0,,0
|[5, 1]1|,0,0,0,,0
|[5, 2]1|,0,0,0,,0
[10]2,1,0,1.0,,6
[0]1,0,0,0,,0
[1]1,0,0,0,,0
[2]1,0,0,0,,0
|[5, 0]1|,1,0,0,,0
|[5, 1]1|,0,0,0,,0
|[5, 2]1|,0,0,0,,0
[11]2,0,0,0,,0
[11]2,6,0,0.48611111111111116,,5
[0]1,2,0,0,,2
[7]2,1,0,0.4583333333333333,,5
[0]1,0,0,0,,0
[1]1,0,0,0,,0
[2]1,1,0,0,,0
[3]1,0,0,0,,0
[4]1,0,0,0,,0
[12]2,1,0,1.0,,0
[1]1,1,0,0,,2
[7]2,1,0,0.3333333333333333,,0
[12]2,0,0,0,,0
[2]1,1,0,0,,0
[3]1,1,0,0,,2
[7]2,0,0,0,,0
[12]2,1,0,0.16666666666666666,,0
[4]1,1,0,0,,1
[12]2,1,0,-0.041666666666666664,,0
[12]2,13,0,0.7788461538461539,,8
[0]1,2,0,0,,3
[7]2,1,0,-0.041666666666666664,,0
[8]2,1,0,1.0,,4
[1]1,1,0,0,,0
[2]1,0,0,0,,0
|[5, 1]1|,0,0,0,,0
|[5, 2]1|,0,0,0,,0
[11]2,0,0,0,,0
[1]1,2,0,0,,3
[7]2,0,0,0,,0
[8]2,1,0,1.0,,0
[11]2,0,0,0,,0
[2]1,2,0,0,,2
[7]2,1,0,1.0,,8
[0]1,0,0,0,,0
[1]1,0,0,0,,0
[3]1,0,0,0,,0
[4]1,0,0,0,,0
|[5, 0]1|,1,0,0,,0
|[5, 1]1|,0,0,0,,0
|[5, 3]1|,0,0,0,,0
|[5, 4]1|,0,0,0,,0
[11]2,1,0,0.041666666666666664,,0
[3]1,2,0,0,,2
[7]2,1,0,1.0,,0
[11]2,1,0,0.125,,10
[0]1,0,0,0,,0
[1]1,0,0,0,,0
[2]1,0,0,0,,0
[3]1,0,0,0,,0
[4]1,0,0,0,,0
|[5, 0]1|,1,0,0,,0
|[5, 1]1|,0,0,0,,0
|[5, 2]1|,0,0,0,,0
|[5, 3]1|,0,0,0,,0
|[5, 4]1|,0,0,0,,0
|[5, 0]1|,1,0,0,,3
[7]2,0,0,0,,0
[8]2,0,0,0,,0
[11]2,1,0,1.0,,0
|[5, 1]1|,1,0,0,,3
[7]2,0,0,0,,0
[8]2,1,0,1.0,,0
[11]2,0,0,0,,0
|[5, 2]1|,1,0,0,,2
[7]2,0,0,0,,0
[11]2,1,0,1.0,,0
|[5, 3]1|,1,0,0,,2
[7]2,0,0,0,,0
[11]2,1,0,1.0,,0
[4]1,32,0,0,,3
[10]2,9,0,0.3287037037037038,,2
[0]1,5,0,0,,2
[11]2,3,0,0.375,,10
[0]1,1,0,0,,1
[12]2,1,0,-0.041666666666666664,,0
[1]1,0,0,0,,0
[2]1,0,0,0,,0
[3]1,0,0,0,,0
[4]1,0,0,0,,0
|[5, 0]1|,0,0,0,,0
|[5, 1]1|,1,0,0,,0
|[5, 2]1|,0,0,0,,0
|[5, 3]1|,0,0,0,,0
|[5, 4]1|,0,0,0,,0
[12]2,2,0,0.5208333333333334,,5
[0]1,1,0,0,,3
[7]2,0,0,0,,0
[8]2,1,0,0.041666666666666664,,0
[11]2,0,0,0,,0
[1]1,0,0,0,,0
[2]1,0,0,0,,0
[3]1,0,0,0,,0
[5]1,1,0,0,,0
|[5, 0]1|,4,0,0,,2
[11]2,2,0,-0.020833333333333332,,5
[0]1,1,0,0,,1
[12]2,1,0,-0.041666666666666664,,0
[1]1,0,0,0,,0
[2]1,0,0,0,,0
[3]1,1,0,0,,0
[4]1,0,0,0,,0
[12]2,1,0,-0.16666666666666666,,0
[11]2,14,0,0.5148809523809524,,8
[0]1,2,0,0,,2
[10]2,1,0,1.0,,0
[12]2,0,0,0,,0
[1]1,2,0,0,,2
[10]2,1,0,1.0,,0
[12]2,1,0,0.16666666666666666,,5
[0]1,0,0,0,,0
[1]1,0,0,0,,0
[2]1,0,0,0,,0
[4]1,1,0,0,,0
[5]1,0,0,0,,0
[2]1,2,0,0,,2
[10]2,1,0,1.0,,4
[0]1,0,0,0,,0
[3]1,0,0,0,,0
|[5, 0]1|,0,0,0,,0
|[5, 3]1|,1,0,0,,0
[12]2,1,0,1.0,,0
[3]1,2,0,0,,2
[10]2,1,0,0.0,,6
[0]1,0,0,0,,0
[2]1,0,0,0,,0
[4]1,0,0,0,,0
|[5, 0]1|,1,0,0,,0
|[5, 2]1|,0,0,0,,0
|[5, 4]1|,0,0,0,,0
[12]2,1,0,-0.08333333333333333,,0
|[5, 0]1|,2,0,0,,2
[10]2,1,0,0.0,,2
[2]1,0,0,0,,0
[3]1,1,0,0,,0
[12]2,1,0,0.125,,0
|[5, 1]1|,2,0,0,,2
[10]2,1,0,1.0,,0
[12]2,1,0,0.041666666666666664,,8
[0]1,0,0,0,,0
[1]1,0,0,0,,0
[2]1,0,0,0,,0
[4]1,0,0,0,,0
|[5, 0]1|,1,0,0,,0
|[5, 1]1|,0,0,0,,0
|[5, 2]1|,0,0,0,,0
|[5, 4]1|,0,0,0,,0
|[5, 2]1|,1,0,0,,2
[10]2,1,0,1.0,,0
[12]2,0,0,0,,0
|[5, 3]1|,1,0,0,,2
[10]2,0,0,0,,0
[12]2,1,0,1.0,,0
[12]2,8,0,0.40625,,5
[0]1,2,0,0,,4
[7]2,1,0,1.0,,4
[1]1,0,0,0,,0
[2]1,1,0,0,,0
[3]1,0,0,0,,0
[5]1,0,0,0,,0
[8]2,0,0,0,,0
[10]2,1,0,0.125,,0
[11]2,0,0,0,,0
[1]1,2,0,0,,4
[7]2,1,0,1.0,,4
[0]1,0,0,0,,0
[2]1,1,0,0,,0
[3]1,0,0,0,,0
[5]1,0,0,0,,0
[8]2,0,0,0,,0
[10]2,0,0,0,,0
[11]2,1,0,1.0,,0
[2]1,1,0,0,,4
[7]2,1,0,0.0,,0
[8]2,0,0,0,,0
[10]2,0,0,0,,0
[11]2,0,0,0,,0
[3]1,1,0,0,,0
[5]1,1,0,0,,4
[7]2,0,0,0,,0
[8]2,0,0,0,,0
[10]2,1,0,-0.041666666666666664,,0
[11]2,0,0,0,,0
|[10, 11]2|,41,0,0.4817073170731707,,4
[0]1,11,0,0,,2
[7]2,8,0,0.6718749999999999,,5
[0]1,2,0,0,,4
[8]2,1,0,1.0,,4
[1]1,0,0,0,,0
[2]1,1,0,0,,0
[3]1,0,0,0,,0
[4]1,0,0,0,,0
[9]2,0,0,0,,0
[10]2,0,0,0,,0
[11]2,1,0,1.0,,0
[1]1,2,0,0,,4
[8]2,1,0,0.3333333333333333,,4
[0]1,0,0,0,,0
[2]1,0,0,0,,0
[3]1,1,0,0,,0
[4]1,0,0,0,,0
[9]2,0,0,0,,0
[10]2,0,0,0,,0
[11]2,1,0,0.375,,0
[2]1,1,0,0,,0
[3]1,1,0,0,,4
[8]2,0,0,0,,0
[9]2,0,0,0,,0
[10]2,1,0,0.3333333333333333,,0
[11]2,0,0,0,,0
[4]1,1,0,0,,4
[8]2,0,0,0,,0
[9]2,0,0,0,,0
[10]2,1,0,1.0,,0
[11]2,0,0,0,,0
[12]2,3,0,0.11111111111111112,,16
[0]1,1,0,0,,3
[7]2,0,0,0,,0
[8]2,0,0,0,,0
[9]2,1,0,0.20833333333333334,,0
[1]1,1,0,0,,0
[2]1,1,0,0,,3
[7]2,0,0,0,,0
[8]2,0,0,0,,0
[9]2,1,0,0.2916666666666667,,0
|[4, 0]1|,0,0,0,,0
|[4, 1]1|,0,0,0,,0
|[4, 2]1|,0,0,0,,0
|[4, 5]1|,0,0,0,,0
|[5, 0]1|,0,0,0,,0
|[5, 1]1|,0,0,0,,0
|[5, 2]1|,0,0,0,,0
|[5, 4, 0]1|,0,0,0,,0
|[5, 4, 1]1|,0,0,0,,0
|[5, 4, 2]1|,0,0,0,,0
|[5, 4, 5, 0]1|,0,0,0,,0
|[5, 4, 5, 1]1|,0,0,0,,0
|[5, 4, 5, 2]1|,0,0,0,,0
[1]1,10,0,0,,3
[7]2,3,0,0.5277777777777778,,3
[0]1,1,0,0,,5
[8]2,0,0,0,,0
[9]2,0,0,0,,0
[10]2,0,0,0,,0
[11]2,0,0,0,,0
[12]2,1,0,1.0,,0
[2]1,1,0,0,,5
[8]2,0,0,0,,0
[9]2,0,0,0,,0
[10]2,0,0,0,,0
[11]2,1,0,0.3333333333333333,,0
[12]2,0,0,0,,0
[4]1,1,0,0,,0
[9]2,4,0,0.7395833333333334,,3
[0]1,2,0,0,,4
[7]2,1,0,1.0,,5
[0]1,0,0,0,,0
[1]1,0,0,0,,0
[2]1,0,0,0,,0
[3]1,1,0,0,,0
[4]1,0,0,0,,0
[10]2,1,0,1.0,,0
[11]2,0,0,0,,0
[12]2,0,0,0,,0
[2]1,1,0,0,,0
[4]1,1,0,0,,3
[10]2,0,0,0,,0
[11]2,0,0,0,,0
[12]2,1,0,1.0,,0
[12]2,3,0,0.4444444444444444,,21
[0]1,1,0,0,,0
[1]1,1,0,0,,3
[7]2,0,0,0,,0
[8]2,1,0,0.20833333333333334,,0
[9]2,0,0,0,,0
[2]1,0,0,0,,0
[3]1,0,0,0,,0
|[4, 0]1|,0,0,0,,0
|[4, 1]1|,0,0,0,,0
|[4, 2]1|,0,0,0,,0
|[4, 3]1|,0,0,0,,0
|[4, 5]1|,0,0,0,,0
|[5, 0]1|,0,0,0,,0
|[5, 1]1|,0,0,0,,0
|[5, 2]1|,0,0,0,,0
|[5, 3]1|,0,0,0,,0
|[5, 4, 0]1|,0,0,0,,0
|[5, 4, 1]1|,0,0,0,,0
|[5, 4, 2]1|,0,0,0,,0
|[5, 4, 3]1|,0,0,0,,0
|[5, 4, 5, 0]1|,0,0,0,,0
|[5, 4, 5, 1]1|,0,0,0,,0
|[5, 4, 5, 2]1|,0,0,0,,0
|[5, 4, 5, 3]1|,0,0,0,,0
[2]1,10,0,0,,2
[7]2,3,0,0.20833333333333334,,4
[0]1,1,0,0,,0
[1]1,1,0,0,,4
[8]2,0,0,0,,0
[9]2,1,0,0.2916666666666667,,0
[11]2,0,0,0,,0
[12]2,0,0,0,,0
[3]1,0,0,0,,0
[4]1,0,0,0,,0
[12]2,6,0,0.5972222222222222,,16
[0]1,1,0,0,,3
[7]2,0,0,0,,0
[8]2,1,0,1.0,,0
[9]2,0,0,0,,0
[1]1,1,0,0,,2
[7]2,0,0,0,,0
[8]2,1,0,1.0,,0
[2]1,1,0,0,,2
[7]2,1,0,0.08333333333333333,,0
[8]2,0,0,0,,0
|[4, 0]1|,1,0,0,,2
[7]2,0,0,0,,0
[9]2,1,0,0.2916666666666667,,0
|[4, 1]1|,1,0,0,,0
|[4, 2]1|,1,0,0,,2
[7]2,1,0,0.20833333333333334,,0
[8]2,0,0,0,,0
|[4, 5]1|,0,0,0,,0
|[5, 0]1|,0,0,0,,0
|[5, 1]1|,0,0,0,,0
|[5, 2]1|,0,0,0,,0
|[5, 4, 0]1|,0,0,0,,0
|[5, 4, 1]1|,0,0,0,,0
|[5, 4, 2]1|,0,0,0,,0
|[5, 4, 5, 0]1|,0,0,0,,0
|[5, 4, 5, 1]1|,0,0,0,,0
|[5, 4, 5, 2]1|,0,0,0,,0
[4]1,10,0,0,,2
[9]2,3,0,0.041666666666666664,,4
[0]1,1,0,0,,3
[10]2,0,0,0,,0
[11]2,1,0,-0.041666666666666664,,0
[12]2,0,0,0,,0
[2]1,1,0,0,,0
|[5, 0]1|,0,0,0,,0
|[5, 2]1|,0,0,0,,0
[12]2,7,0,0.40476190476190477,,6
[0]1,2,0,0,,3
[7]2,0,0,0,,0
[8]2,1,0,-0.16666666666666666,,0
[9]2,0,0,0,,0
[1]1,1,0,0,,3
[7]2,0,0,0,,0
[8]2,1,0,0.0,,0
[9]2,0,0,0,,0
[2]1,1,0,0,,3
[7]2,0,0,0,,0
[8]2,0,0,0,,0
[9]2,1,0,0.0,,0
[3]1,1,0,0,,3
[7]2,1,0,0.0,,0
[8]2,0,0,0,,0
[9]2,0,0,0,,0
[4]1,1,0,0,,3
[7]2,1,0,1.0,,0
[8]2,0,0,0,,0
[9]2,0,0,0,,0
[5]1,1,0,0,,3
[7]2,0,0,0,,0
[8]2,1,0,1.0,,0
[9]2,0,0,0,,0
|[10, 12]2|,110,0,0.6988636363636362,,8
[0]1,14,0,0,,4
[7]2,5,0,0.8666666666666666,,8
[0]1,1,0,0,,8
[8]2,0,0,0,,0
[9]2,0,0,0,,0
[10]2,0,0,0,,0
[11]2,0,0,0,,0
|[12, 8]2|,0,0,0,,0
|[12, 9]2|,0,0,0,,0
|[12, 10]2|,1,0,1.0,,0
|[12, 11]2|,0,0,0,,0
[1]1,1,0,0,,6
[9]2,1,0,1.0,,0
[10]2,0,0,0,,0
[11]2,0,0,0,,0
|[12, 9]2|,0,0,0,,0
|[12, 10]2|,0,0,0,,0
|[12, 11]2|,0,0,0,,0
[2]1,1,0,0,,6
[9]2,0,0,0,,0
[10]2,0,0,0,,0
[11]2,0,0,0,,0
|[12, 9]2|,0,0,0,,0
|[12, 10]2|,0,0,0,,0
|[12, 11]2|,1,0,1.0,,0
[3]1,1,0,0,,8
[8]2,0,0,0,,0
[9]2,0,0,0,,0
[10]2,0,0,0,,0
[11]2,0,0,0,,0
|[12, 8]2|,0,0,0,,0
|[12, 9]2|,1,0,0.3333333333333333,,0
|[12, 10]2|,0,0,0,,0
|[12, 11]2|,0,0,0,,0
|[5, 0]1|,0,0,0,,0
|[5, 1]1|,0,0,0,,0
|[5, 2]1|,1,0,0,,0
|[5, 3]1|,0,0,0,,0
[8]2,3,0,0.7777777777777777,,6
[1]1,1,0,0,,3
[7]2,1,0,1.0,,0
[9]2,0,0,0,,0
[11]2,0,0,0,,0
[2]1,1,0,0,,0
[3]1,1,0,0,,3
[7]2,1,0,1.0,,0
[9]2,0,0,0,,0
[11]2,0,0,0,,0
|[5, 1]1|,0,0,0,,0
|[5, 2]1|,0,0,0,,0
|[5, 3]1|,0,0,0,,0
[9]2,3,0,0.736111111111111,,6
[1]1,1,0,0,,4
[7]2,0,0,0,,0
[8]2,0,0,0,,0
[10]2,1,0,0.20833333333333334,,0
[11]2,0,0,0,,0
[2]1,1,0,0,,3
[7]2,0,0,0,,0
[10]2,1,0,1.0,,0
[11]2,0,0,0,,0
[3]1,0,0,0,,0
|[5, 1]1|,0,0,0,,0
|[5, 2]1|,1,0,0,,0
|[5, 3]1|,0,0,0,,0
[11]2,3,0,0.6805555555555557,,8
[0]1,1,0,0,,6
[7]2,0,0,0,,0
[8]2,1,0,1.0,,0
[9]2,0,0,0,,0
|[12, 7]2|,0,0,0,,0
|[12, 8]2|,0,0,0,,0
|[12, 9]2|,0,0,0,,0
[1]1,0,0,0,,0
[2]1,0,0,0,,0
[3]1,0,0,0,,0
|[5, 0]1|,0,0,0,,0
|[5, 1]1|,0,0,0,,0
|[5, 2]1|,0,0,0,,0
|[5, 3]1|,1,0,0,,0
[1]1,14,0,0,,4
[7]2,4,0,1.0,,8
[0]1,1,0,0,,4
[9]2,0,0,0,,0
[10]2,0,0,0,,0
|[12, 9]2|,1,0,1.0,,0
|[12, 10]2|,0,0,0,,0
[1]1,1,0,0,,6
[8]2,0,0,0,,0
[9]2,0,0,0,,0
[10]2,0,0,0,,0
|[12, 8]2|,0,0,0,,0
|[12, 9]2|,0,0,0,,0
|[12, 10]2|,1,0,1.0,,0
[2]1,1,0,0,,4
[9]2,1,0,1.0,,0
[10]2,0,0,0,,0
|[12, 9]2|,0,0,0,,0
|[12, 10]2|,0,0,0,,0
[3]1,0,0,0,,0
|[5, 0]1|,0,0,0,,0
|[5, 1]1|,0,0,0,,0
|[5, 2]1|,1,0,0,,0
|[5, 3]1|,0,0,0,,0
[8]2,2,0,0.6458333333333334,,6
[0]1,0,0,0,,0
[2]1,1,0,0,,0
[3]1,0,0,0,,0
|[5, 0]1|,0,0,0,,0
|[5, 2]1|,0,0,0,,0
|[5, 3]1|,0,0,0,,0
[9]2,4,0,0.8541666666666666,,6
[0]1,1,0,0,,4
[7]2,0,0,0,,0
[8]2,0,0,0,,0
[10]2,0,0,0,,0
[11]2,1,0,1.0,,0
[2]1,1,0,0,,3
[7]2,0,0,0,,0
[10]2,1,0,1.0,,0
[11]2,0,0,0,,0
[3]1,1,0,0,,3
[7]2,1,0,0.4166666666666667,,0
[10]2,0,0,0,,0
[11]2,0,0,0,,0
|[5, 0]1|,0,0,0,,0
|[5, 2]1|,0,0,0,,0
|[5, 3]1|,1,0,0,,0
[11]2,3,0,0.7777777777777777,,8
[0]1,1,0,0,,4
[7]2,0,0,0,,0
[9]2,0,0,0,,0
|[12, 7]2|,0,0,0,,0
|[12, 9]2|,1,0,0.3333333333333333,,0
[1]1,1,0,0,,6
[7]2,0,0,0,,0
[8]2,0,0,0,,0
[9]2,0,0,0,,0
|[12, 7]2|,1,0,1.0,,0
|[12, 8]2|,0,0,0,,0
|[12, 9]2|,0,0,0,,0
[2]1,0,0,0,,0
[3]1,1,0,0,,0
|[5, 0]1|,0,0,0,,0
|[5, 1]1|,0,0,0,,0
|[5, 2]1|,0,0,0,,0
|[5, 3]1|,0,0,0,,0
[2]1,14,0,0,,4
[7]2,4,0,0.6666666666666667,,6
[0]1,1,0,0,,6
[9]2,1,0,1.0,,0
[10]2,0,0,0,,0
[11]2,0,0,0,,0
|[12, 9]2|,0,0,0,,0
|[12, 10]2|,0,0,0,,0
|[12, 11]2|,0,0,0,,0
[1]1,1,0,0,,8
[8]2,1,0,0.20833333333333334,,0
[9]2,0,0,0,,0
[10]2,0,0,0,,0
[11]2,0,0,0,,0
|[12, 8]2|,0,0,0,,0
|[12, 9]2|,0,0,0,,0
|[12, 10]2|,0,0,0,,0
|[12, 11]2|,0,0,0,,0
[3]1,1,0,0,,8
[8]2,0,0,0,,0
[9]2,0,0,0,,0
[10]2,0,0,0,,0
[11]2,0,0,0,,0
|[12, 8]2|,0,0,0,,0
|[12, 9]2|,0,0,0,,0
|[12, 10]2|,0,0,0,,0
|[12, 11]2|,1,0,0.4583333333333333,,0
|[5, 0]1|,0,0,0,,0
|[5, 1]1|,1,0,0,,0
|[5, 3]1|,0,0,0,,0
[8]2,3,0,0.736111111111111,,6
[0]1,1,0,0,,3
[7]2,0,0,0,,0
[9]2,0,0,0,,0
[11]2,1,0,0.20833333333333334,,0
[1]1,1,0,0,,3
[7]2,0,0,0,,0
[9]2,0,0,0,,0
[11]2,1,0,1.0,,0
[3]1,0,0,0,,0
|[5, 0]1|,0,0,0,,0
|[5, 1]1|,1,0,0,,0
|[5, 3]1|,0,0,0,,0
[9]2,3,0,0.7083333333333334,,6
[0]1,1,0,0,,4
[7]2,0,0,0,,0
[8]2,0,0,0,,0
[10]2,0,0,0,,0
[11]2,1,0,1.0,,0
[1]1,1,0,0,,3
[7]2,0,0,0,,0
[8]2,1,0,0.125,,0
[11]2,0,0,0,,0
[3]1,0,0,0,,0
|[5, 0]1|,0,0,0,,0
|[5, 1]1|,0,0,0,,0
|[5, 3]1|,1,0,0,,0
[11]2,4,0,0.84375,,8
[0]1,1,0,0,,4
[7]2,0,0,0,,0
[9]2,0,0,0,,0
|[12, 7]2|,1,0,1.0,,0
|[12, 9]2|,0,0,0,,0
[1]1,1,0,0,,6
[7]2,1,0,1.0,,0
[8]2,0,0,0,,0
[9]2,0,0,0,,0
|[12, 7]2|,0,0,0,,0
|[12, 8]2|,0,0,0,,0
|[12, 9]2|,0,0,0,,0
[2]1,1,0,0,,0
[3]1,0,0,0,,0
|[5, 0]1|,0,0,0,,0
|[5, 1]1|,0,0,0,,0
|[5, 2]1|,0,0,0,,0
|[5, 3]1|,0,0,0,,0
[3]1,14,0,0,,3
[7]2,5,0,0.4833333333333333,,8
[0]1,1,0,0,,8
[8]2,1,0,1.0,,0
[9]2,0,0,0,,0
[10]2,0,0,0,,0
[11]2,0,0,0,,0
|[12, 8]2|,0,0,0,,0
|[12, 9]2|,0,0,0,,0
|[12, 10]2|,0,0,0,,0
|[12, 11]2|,0,0,0,,0
[1]1,1,0,0,,6
[8]2,0,0,0,,0
[10]2,1,0,0.08333333333333333,,0
[11]2,0,0,0,,0
|[12, 8]2|,0,0,0,,0
|[12, 10]2|,0,0,0,,0
|[12, 11]2|,0,0,0,,0
[2]1,1,0,0,,6
[8]2,0,0,0,,0
[10]2,0,0,0,,0
[11]2,0,0,0,,0
|[12, 8]2|,0,0,0,,0
|[12, 10]2|,1,0,0.125,,0
|[12, 11]2|,0,0,0,,0
[4]1,1,0,0,,0
|[5, 0]1|,0,0,0,,0
|[5, 1]1|,0,0,0,,0
|[5, 2]1|,0,0,0,,0
|[5, 4]1|,0,0,0,,0
[9]2,3,0,0.23611111111111108,,8
[0]1,1,0,0,,3
[7]2,1,0,0.125,,0
[10]2,0,0,0,,0
[11]2,0,0,0,,0
[1]1,1,0,0,,3
[7]2,0,0,0,,0
[10]2,0,0,0,,0
[11]2,1,0,0.3333333333333333,,0
[2]1,0,0,0,,0
[4]1,1,0,0,,0
|[5, 0]1|,0,0,0,,0
|[5, 1]1|,0,0,0,,0
|[5, 2]1|,0,0,0,,0
|[5, 4]1|,0,0,0,,0
[11]2,6,0,0.7013888888888888,,8
[0]1,1,0,0,,4
[7]2,1,0,0.08333333333333333,,0
[9]2,0,0,0,,0
|[12, 7]2|,0,0,0,,0
|[12, 9]2|,0,0,0,,0
[1]1,1,0,0,,2
[7]2,0,0,0,,0
|[12, 7]2|,1,0,1.0,,0
[2]1,1,0,0,,4
[7]2,0,0,0,,0
[9]2,1,0,1.0,,0
|[12, 7]2|,0,0,0,,0
|[12, 9]2|,0,0,0,,0
[4]1,1,0,0,,0
|[5, 0]1|,1,0,0,,4
[7]2,0,0,0,,0
[9]2,0,0,0,,0
|[12, 7]2|,1,0,1.0,,0
|[12, 9]2|,0,0,0,,0
|[5, 1]1|,1,0,0,,2
[7]2,1,0,0.125,,0
|[12, 7]2|,0,0,0,,0
|[5, 2]1|,0,0,0,,0
|[5, 4]1|,0,0,0,,0
|[5, 0]1|,14,0,0,,4
[7]2,2,0,0.4375,,4
[0]1,0,0,0,,0
[1]1,1,0,0,,0
[2]1,0,0,0,,0
[3]1,0,0,0,,0
[8]2,5,0,0.8,,3
[1]1,2,0,0,,3
[7]2,1,0,1.0,,0
[9]2,0,0,0,,0
[11]2,0,0,0,,0
[2]1,2,0,0,,3
[7]2,1,0,0.0,,14
[0]1,0,0,0,,0
[1]1,0,0,0,,0
|[3, 0]1|,0,0,0,,0
|[3, 1]1|,0,0,0,,0
|[3, 4, 0]1|,0,0,0,,0
|[3, 4, 1]1|,0,0,0,,0
|[3, 4, 5]1|,0,0,0,,0
|[3, 5, 0]1|,0,0,0,,0
|[3, 5, 1]1|,0,0,0,,0
|[3, 5, 4, 0]1|,0,0,0,,0
|[3, 5, 4, 1]1|,0,0,0,,0
|[3, 5, 4, 5, 0]1|,1,0,0,,0
|[3, 5, 4, 5, 1]1|,0,0,0,,0
[4]1,0,0,0,,0
[9]2,1,0,1.0,,0
[11]2,0,0,0,,0
[3]1,1,0,0,,2
[9]2,1,0,1.0,,0
[11]2,0,0,0,,0
[9]2,4,0,0.625,,3
[1]1,2,0,0,,4
[7]2,1,0,0.25,,11
[0]1,0,0,0,,0
[1]1,1,0,0,,0
[2]1,0,0,0,,0
|[3, 0]1|,0,0,0,,0
|[3, 1]1|,0,0,0,,0
|[3, 2]1|,0,0,0,,0
|[3, 4]1|,0,0,0,,0
|[3, 5, 0]1|,0,0,0,,0
|[3, 5, 1]1|,0,0,0,,0
|[3, 5, 2]1|,0,0,0,,0
|[3, 5, 4]1|,0,0,0,,0
[8]2,1,0,1.0,,0
[10]2,0,0,0,,0
[11]2,0,0,0,,0
[2]1,1,0,0,,0
[3]1,1,0,0,,3
[8]2,1,0,1.0,,0
[10]2,0,0,0,,0
[11]2,0,0,0,,0
[11]2,3,0,0.375,,4
[0]1,1,0,0,,6
[7]2,0,0,0,,0
[8]2,0,0,0,,0
[9]2,0,0,0,,0
|[12, 7]2|,0,0,0,,0
|[12, 8]2|,1,0,1.0,,0
|[12, 9]2|,0,0,0,,0
[1]1,1,0,0,,0
[2]1,1,0,0,,4
[8]2,0,0,0,,0
[9]2,0,0,0,,0
|[12, 8]2|,1,0,-0.041666666666666664,,0
|[12, 9]2|,0,0,0,,0
[3]1,0,0,0,,0
|[5, 1]1|,14,0,0,,4
[7]2,3,0,0.5,,4
[0]1,1,0,0,,0
[1]1,1,0,0,,6
[8]2,0,0,0,,0
[9]2,0,0,0,,0
[10]2,0,0,0,,0
|[12, 8]2|,1,0,1.0,,0
|[12, 9]2|,0,0,0,,0
|[12, 10]2|,0,0,0,,0
[2]1,1,0,0,,4
[9]2,0,0,0,,0
[10]2,1,0,0.2916666666666667,,0
|[12, 9]2|,0,0,0,,0
|[12, 10]2|,0,0,0,,0
[3]1,0,0,0,,0
[8]2,2,0,0.125,,3
[0]1,1,0,0,,0
[2]1,1,0,0,,3
[7]2,1,0,0.125,,0
[9]2,0,0,0,,0
[11]2,0,0,0,,0
[3]1,0,0,0,,0
[9]2,4,0,0.46875,,3
[0]1,2,0,0,,4
[7]2,1,0,0.25,,4
[0]1,0,0,0,,0
[1]1,0,0,0,,0
[2]1,0,0,0,,0
[3]1,1,0,0,,0
[8]2,0,0,0,,0
[10]2,0,0,0,,0
[11]2,1,0,0.20833333333333334,,0
[2]1,1,0,0,,3
[7]2,1,0,0.4166666666666667,,0
[10]2,0,0,0,,0
[11]2,0,0,0,,0
[3]1,1,0,0,,0
[11]2,5,0,0.8333333333333334,,4
[0]1,1,0,0,,0
[1]1,1,0,0,,6
[7]2,0,0,0,,0
[8]2,0,0,0,,0
[9]2,0,0,0,,0
|[12, 7]2|,1,0,1.0,,0
|[12, 8]2|,0,0,0,,0
|[12, 9]2|,0,0,0,,0
[2]1,1,0,0,,4
[8]2,0,0,0,,0
[9]2,1,0,1.0,,0
|[12, 8]2|,0,0,0,,0
|[12, 9]2|,0,0,0,,0
[3]1,1,0,0,,4
[7]2,0,0,0,,0
[9]2,0,0,0,,0
|[12, 7]2|,0,0,0,,0
|[12, 9]2|,1,0,1.0,,0
|[5, 2]1|,13,0,0,,4
[7]2,3,0,0.7916666666666666,,3
[0]1,1,0,0,,6
[9]2,0,0,0,,0
[10]2,0,0,0,,0
[11]2,0,0,0,,0
|[12, 9]2|,0,0,0,,0
|[12, 10]2|,0,0,0,,0
|[12, 11]2|,1,0,1.0,,0
[1]1,1,0,0,,0
[3]1,1,0,0,,8
[8]2,0,0,0,,0
[9]2,0,0,0,,0
[10]2,0,0,0,,0
[11]2,0,0,0,,0
|[12, 8]2|,0,0,0,,0
|[12, 9]2|,0,0,0,,0
|[12, 10]2|,0,0,0,,0
|[12, 11]2|,1,0,0.375,,0
[8]2,5,0,1.0,,3
[0]1,2,0,0,,3
[7]2,1,0,1.0,,0
[9]2,1,0,1.0,,8
[1]1,1,0,0,,0
[2]1,0,0,0,,0
|[3, 1]1|,0,0,0,,0
|[3, 2]1|,0,0,0,,0
|[3, 4]1|,0,0,0,,0
|[3, 5, 1]1|,0,0,0,,0
|[3, 5, 2]1|,0,0,0,,0
|[3, 5, 4]1|,0,0,0,,0
[11]2,0,0,0,,0
[1]1,2,0,0,,3
[7]2,1,0,1.0,,0
[9]2,0,0,0,,0
[11]2,0,0,0,,0
[3]1,1,0,0,,2
[9]2,1,0,1.0,,0
[11]2,0,0,0,,0
[9]2,3,0,0.7777777777777777,,3
[0]1,1,0,0,,4
[7]2,1,0,1.0,,0
[8]2,0,0,0,,0
[10]2,0,0,0,,0
[11]2,0,0,0,,0
[1]1,0,0,0,,0
[3]1,1,0,0,,0
[11]2,2,0,0.4375,,4
[0]1,1,0,0,,4
[7]2,0,0,0,,0
[9]2,1,0,1.0,,0
|[12, 7]2|,0,0,0,,0
|[12, 9]2|,0,0,0,,0
[1]1,0,0,0,,0
[2]1,0,0,0,,0
[3]1,1,0,0,,0
|[5, 3]1|,13,0,0,,3
[7]2,5,0,0.8416666666666668,,4
[0]1,2,0,0,,8
[8]2,0,0,0,,0
[9]2,0,0,0,,0
[10]2,0,0,0,,0
[11]2,0,0,0,,0
|[12, 8]2|,0,0,0,,0
|[12, 9]2|,1,0,1.0,,0
|[12, 10]2|,0,0,0,,0
|[12, 11]2|,0,0,0,,0
[1]1,1,0,0,,6
[8]2,0,0,0,,0
[10]2,0,0,0,,0
[11]2,0,0,0,,0
|[12, 8]2|,1,0,1.0,,0
|[12, 10]2|,0,0,0,,0
|[12, 11]2|,0,0,0,,0
[2]1,1,0,0,,6
[8]2,0,0,0,,0
[10]2,0,0,0,,0
[11]2,0,0,0,,0
|[12, 8]2|,0,0,0,,0
|[12, 10]2|,0,0,0,,0
|[12, 11]2|,1,0,0.20833333333333334,,0
[4]1,1,0,0,,8
[8]2,0,0,0,,0
[9]2,1,0,1.0,,0
[10]2,0,0,0,,0
[11]2,0,0,0,,0
|[12, 8]2|,0,0,0,,0
|[12, 9]2|,0,0,0,,0
|[12, 10]2|,0,0,0,,0
|[12, 11]2|,0,0,0,,0
[9]2,4,0,0.7604166666666667,,4
[0]1,1,0,0,,3
[7]2,0,0,0,,0
[10]2,1,0,1.0,,0
[11]2,0,0,0,,0
[1]1,1,0,0,,0
[2]1,1,0,0,,3
[7]2,0,0,0,,0
[10]2,0,0,0,,0
[11]2,1,0,1.0,,0
[4]1,1,0,0,,2
[10]2,0,0,0,,0
[11]2,1,0,1.0,,0
[11]2,4,0,0.8020833333333334,,4
[0]1,1,0,0,,4
[7]2,0,0,0,,0
[9]2,0,0,0,,0
|[12, 7]2|,1,0,0.20833333333333334,,0
|[12, 9]2|,0,0,0,,0
[1]1,1,0,0,,0
[2]1,1,0,0,,4
[7]2,0,0,0,,0
[9]2,0,0,0,,0
|[12, 7]2|,1,0,1.0,,0
|[12, 9]2|,0,0,0,,0
[4]1,0,0,0,,0
[11]2,47,0,0.5132978723404255,,3
[0]1,16,0,0,,5
[7]2,3,0,0.5138888888888888,,5
[0]1,1,0,0,,0
[1]1,1,0,0,,4
[8]2,0,0,0,,0
[9]2,0,0,0,,0
[10]2,1,0,0.20833333333333334,,0
[11]2,0,0,0,,0
[2]1,1,0,0,,4
[8]2,0,0,0,,0
[9]2,0,0,0,,0
[10]2,0,0,0,,0
[11]2,1,0,0.3333333333333333,,0
[3]1,0,0,0,,0
[4]1,0,0,0,,0
|[10, 7]2|,3,0,0.5277777777777778,,5
[0]1,1,0,0,,9
[8]2,0,0,0,,0
[9]2,1,0,1.0,,0
[10]2,0,0,0,,0
|[11, 8]2|,0,0,0,,0
|[11, 9]2|,0,0,0,,0
|[11, 10]2|,0,0,0,,0
|[11, 12, 8]2|,0,0,0,,0
|[11, 12, 9]2|,0,0,0,,0
|[11, 12, 10]2|,0,0,0,,0
[1]1,1,0,0,,9
[8]2,0,0,0,,0
[9]2,0,0,0,,0
[10]2,0,0,0,,0
|[11, 8]2|,1,0,0.2916666666666667,,0
|[11, 9]2|,0,0,0,,0
|[11, 10]2|,0,0,0,,0
|[11, 12, 8]2|,0,0,0,,0
|[11, 12, 9]2|,0,0,0,,0
|[11, 12, 10]2|,0,0,0,,0
[2]1,0,0,0,,0
[3]1,1,0,0,,0
[4]1,0,0,0,,0
|[10, 11]2|,3,0,0.4583333333333333,,4
[1]1,1,0,0,,2
[7]2,1,0,0.375,,0
[12]2,0,0,0,,0
[2]1,1,0,0,,2
[7]2,0,0,0,,0
[12]2,1,0,0.0,,0
[3]1,1,0,0,,0
[4]1,0,0,0,,0
|[10, 12]2|,4,0,0.78125,,16
[0]1,1,0,0,,4
[7]2,0,0,0,,0
[8]2,0,0,0,,0
[9]2,0,0,0,,0
[11]2,1,0,1.0,,0
[1]1,1,0,0,,4
[7]2,0,0,0,,0
[8]2,0,0,0,,0
[9]2,0,0,0,,0
[11]2,1,0,1.0,,0
[2]1,0,0,0,,0
|[4, 0]1|,0,0,0,,0
|[4, 1]1|,0,0,0,,0
|[4, 2]1|,1,0,0,,0
|[4, 5]1|,0,0,0,,0
|[5, 0]1|,0,0,0,,0
|[5, 1]1|,0,0,0,,0
|[5, 2]1|,0,0,0,,0
|[5, 4, 0]1|,0,0,0,,0
|[5, 4, 1]1|,0,0,0,,0
|[5, 4, 2]1|,0,0,0,,0
|[5, 4, 5, 0]1|,0,0,0,,0
|[5, 4, 5, 1]1|,0,0,0,,0
|[5, 4, 5, 2]1|,0,0,0,,0
[12]2,3,0,0.4861111111111111,,8
[0]1,1,0,0,,8
[7]2,0,0,0,,0
[8]2,0,0,0,,0
|[10, 7]2|,1,0,0.20833333333333334,,0
|[10, 8]2|,0,0,0,,0
|[10, 11]2|,0,0,0,,0
|[10, 12, 7]2|,0,0,0,,0
|[10, 12, 8]2|,0,0,0,,0
|[10, 12, 11]2|,0,0,0,,0
[1]1,1,0,0,,5
[7]2,0,0,0,,0
|[10, 7]2|,0,0,0,,0
|[10, 11]2|,0,0,0,,0
|[10, 12, 7]2|,1,0,0.25,,0
|[10, 12, 11]2|,0,0,0,,0
[2]1,1,0,0,,0
[3]1,0,0,0,,0
|[5, 0]1|,0,0,0,,0
|[5, 1]1|,0,0,0,,0
|[5, 2]1|,0,0,0,,0
|[5, 3]1|,0,0,0,,0
[1]1,16,0,0,,3
[7]2,4,0,0.31249999999999994,,3
[0]1,1,0,0,,0
[2]1,1,0,0,,4
[8]2,0,0,0,,0
[10]2,0,0,0,,0
[11]2,1,0,0.08333333333333333,,0
[12]2,0,0,0,,0
[4]1,1,0,0,,5
[8]2,0,0,0,,0
[9]2,1,0,0.08333333333333333,,0
[10]2,0,0,0,,0
[11]2,0,0,0,,0
[12]2,0,0,0,,0
[9]2,4,0,0.46875,,3
[0]1,2,0,0,,4
[7]2,1,0,1.0,,0
[10]2,1,0,0.041666666666666664,,4
[1]1,0,0,0,,0
[2]1,0,0,0,,0
[3]1,0,0,0,,0
[4]1,1,0,0,,0
[11]2,0,0,0,,0
[12]2,0,0,0,,0
[2]1,1,0,0,,0
[4]1,1,0,0,,3
[10]2,1,0,-0.16666666666666666,,0
[11]2,0,0,0,,0
[12]2,0,0,0,,0
[12]2,7,0,0.6071428571428571,,8
[0]1,1,0,0,,2
[7]2,1,0,0.25,,0
[9]2,0,0,0,,0
[1]1,1,0,0,,3
[7]2,0,0,0,,0
[8]2,1,0,1.0,,0
[9]2,0,0,0,,0
[2]1,1,0,0,,2
[7]2,1,0,1.0,,0
[9]2,0,0,0,,0
[3]1,1,0,0,,2
[7]2,1,0,1.0,,0
[9]2,0,0,0,,0
|[5, 0]1|,1,0,0,,0
|[5, 1]1|,1,0,0,,3
[7]2,0,0,0,,0
[8]2,1,0,1.0,,0
[9]2,0,0,0,,0
|[5, 2]1|,1,0,0,,2
[7]2,0,0,0,,0
[9]2,1,0,0.08333333333333333,,0
|[5, 3]1|,0,0,0,,0
[4]1,15,0,0,,5
[9]2,3,0,0.7083333333333334,,2
[0]1,1,0,0,,3
[10]2,0,0,0,,0
[11]2,0,0,0,,0
[12]2,1,0,1.0,,0
|[5, 0]1|,1,0,0,,0
|[10, 9]2|,3,0,0.3333333333333333,,4
[0]1,1,0,0,,4
[10]2,0,0,0,,0
|[11, 10]2|,1,0,1.0,,0
|[11, 12]2|,0,0,0,,0
[12]2,0,0,0,,0
[1]1,1,0,0,,2
|[11, 12]2|,0,0,0,,0
[12]2,1,0,0.08333333333333333,,0
|[5, 0]1|,0,0,0,,0
|[5, 1]1|,1,0,0,,0
|[10, 11]2|,3,0,0.375,,4
[0]1,1,0,0,,1
[12]2,1,0,0.125,,0
[1]1,1,0,0,,0
|[5, 0]1|,1,0,0,,1
[12]2,1,0,0.0,,0
|[5, 1]1|,0,0,0,,0
|[10, 12]2|,3,0,0.4305555555555555,,6
[0]1,1,0,0,,0
[1]1,1,0,0,,4
[7]2,0,0,0,,0
[8]2,1,0,0.08333333333333333,,0
[9]2,0,0,0,,0
[11]2,0,0,0,,0
[2]1,1,0,0,,4
[7]2,0,0,0,,0
[8]2,0,0,0,,0
[9]2,1,0,0.20833333333333334,,0
[11]2,0,0,0,,0
[3]1,0,0,0,,0
[4]1,0,0,0,,0
[5]1,0,0,0,,0
[12]2,3,0,0.375,,5
[0]1,1,0,0,,8
[7]2,0,0,0,,0
[9]2,0,0,0,,0
|[10, 7]2|,0,0,0,,0
|[10, 9]2|,1,0,0.041666666666666664,,0
|[10, 11]2|,0,0,0,,0
|[10, 12, 7]2|,0,0,0,,0
|[10, 12, 9]2|,0,0,0,,0
|[10, 12, 11]2|,0,0,0,,0
[1]1,1,0,0,,11
[7]2,0,0,0,,0
[8]2,0,0,0,,0
[9]2,1,0,0.08333333333333333,,0
|[10, 7]2|,0,0,0,,0
|[10, 8]2|,0,0,0,,0
|[10, 9]2|,0,0,0,,0
|[10, 11]2|,0,0,0,,0
|[10, 12, 7]2|,0,0,0,,0
|[10, 12, 8]2|,0,0,0,,0
|[10, 12, 9]2|,0,0,0,,0
|[10, 12, 11]2|,0,0,0,,0
[2]1,0,0,0,,0
[3]1,1,0,0,,0
[5]1,0,0,0,,0
[12]2,93,0,0.6724910394265232,,21
[0]1,5,0,0,,9
[7]2,1,0,1.0,,21
[0]1,0,0,0,,0
[1]1,0,0,0,,0
[2]1,0,0,0,,0
[3]1,0,0,0,,0
|[4, 0]1|,0,0,0,,0
|[4, 1]1|,0,0,0,,0
|[4, 2]1|,0,0,0,,0
|[4, 3]1|,0,0,0,,0
|[4, 5]1|,0,0,0,,0
|[5, 0]1|,1,0,0,,0
|[5, 1]1|,0,0,0,,0
|[5, 2]1|,0,0,0,,0
|[5, 3]1|,0,0,0,,0
|[5, 4, 0]1|,0,0,0,,0
|[5, 4, 1]1|,0,0,0,,0
|[5, 4, 2]1|,0,0,0,,0
|[5, 4, 3]1|,0,0,0,,0
|[5, 4, 5, 0]1|,0,0,0,,0
|[5, 4, 5, 1]1|,0,0,0,,0
|[5, 4, 5, 2]1|,0,0,0,,0
|[5, 4, 5, 3]1|,0,0,0,,0
[9]2,1,0,1.0,,16
[1]1,0,0,0,,0
[2]1,0,0,0,,0
[3]1,0,0,0,,0
|[4, 1]1|,0,0,0,,0
|[4, 2]1|,1,0,0,,0
|[4, 3]1|,0,0,0,,0
|[4, 5]1|,0,0,0,,0
|[5, 1]1|,0,0,0,,0
|[5, 2]1|,0,0,0,,0
|[5, 3]1|,0,0,0,,0
|[5, 4, 1]1|,0,0,0,,0
|[5, 4, 2]1|,0,0,0,,0
|[5, 4, 3]1|,0,0,0,,0
|[5, 4, 5, 1]1|,0,0,0,,0
|[5, 4, 5, 2]1|,0,0,0,,0
|[5, 4, 5, 3]1|,0,0,0,,0
|[10, 7]2|,1,0,1.0,,21
[0]1,0,0,0,,0
[1]1,0,0,0,,0
[2]1,0,0,0,,0
[3]1,0,0,0,,0
|[4, 0]1|,0,0,0,,0
|[4, 1]1|,0,0,0,,0
|[4, 2]1|,0,0,0,,0
|[4, 3]1|,0,0,0,,0
|[4, 5]1|,0,0,0,,0
|[5, 0]1|,0,0,0,,0
|[5, 1]1|,0,0,0,,0
|[5, 2]1|,0,0,0,,0
|[5, 3]1|,0,0,0,,0
|[5, 4, 0]1|,1,0,0,,0
|[5, 4, 1]1|,0,0,0,,0
|[5, 4, 2]1|,0,0,0,,0
|[5, 4, 3]1|,0,0,0,,0
|[5, 4, 5, 0]1|,0,0,0,,0
|[5, 4, 5, 1]1|,0,0,0,,0
|[5, 4, 5, 2]1|,0,0,0,,0
|[5, 4, 5, 3]1|,0,0,0,,0
|[10, 9]2|,0,0,0,,0
|[10, 11]2|,0,0,0,,0
|[10, 12, 7]2|,0,0,0,,0
|[10, 12, 9]2|,0,0,0,,0
|[10, 12, 11]2|,1,0,1.0,,0
[11]2,0,0,0,,0
[1]1,5,0,0,,9
[7]2,1,0,1.0,,0
[9]2,1,0,0.20833333333333334,,16
[0]1,0,0,0,,0
[2]1,0,0,0,,0
[3]1,0,0,0,,0
|[4, 0]1|,0,0,0,,0
|[4, 2]1|,0,0,0,,0
|[4, 3]1|,0,0,0,,0
|[4, 5]1|,0,0,0,,0
|[5, 0]1|,0,0,0,,0
|[5, 2]1|,0,0,0,,0
|[5, 3]1|,0,0,0,,0
|[5, 4, 0]1|,0,0,0,,0
|[5, 4, 2]1|,0,0,0,,0
|[5, 4, 3]1|,0,0,0,,0
|[5, 4, 5, 0]1|,0,0,0,,0
|[5, 4, 5, 2]1|,1,0,0,,0
|[5, 4, 5, 3]1|,0,0,0,,0
|[10, 7]2|,1,0,1.0,,21
[0]1,0,0,0,,0
[1]1,0,0,0,,0
[2]1,0,0,0,,0
[3]1,0,0,0,,0
|[4, 0]1|,0,0,0,,0
|[4, 1]1|,0,0,0,,0
|[4, 2]1|,0,0,0,,0
|[4, 3]1|,0,0,0,,0
|[4, 5]1|,0,0,0,,0
|[5, 0]1|,0,0,0,,0
|[5, 1]1|,1,0,0,,0
|[5, 2]1|,0,0,0,,0
|[5, 3]1|,0,0,0,,0
|[5, 4, 0]1|,0,0,0,,0
|[5, 4, 1]1|,0,0,0,,0
|[5, 4, 2]1|,0,0,0,,0
|[5, 4, 3]1|,0,0,0,,0
|[5, 4, 5, 0]1|,0,0,0,,0
|[5, 4, 5, 1]1|,0,0,0,,0
|[5, 4, 5, 2]1|,0,0,0,,0
|[5, 4, 5, 3]1|,0,0,0,,0
|[10, 9]2|,1,0,1.0,,16
[0]1,0,0,0,,0
[2]1,0,0,0,,0
[3]1,0,0,0,,0
|[4, 0]1|,0,0,0,,0
|[4, 2]1|,0,0,0,,0
|[4, 3]1|,0,0,0,,0
|[4, 5]1|,0,0,0,,0
|[5, 0]1|,0,0,0,,0
|[5, 2]1|,0,0,0,,0
|[5, 3]1|,1,0,0,,0
|[5, 4, 0]1|,0,0,0,,0
|[5, 4, 2]1|,0,0,0,,0
|[5, 4, 3]1|,0,0,0,,0
|[5, 4, 5, 0]1|,0,0,0,,0
|[5, 4, 5, 2]1|,0,0,0,,0
|[5, 4, 5, 3]1|,0,0,0,,0
|[10, 11]2|,1,0,0.125,,21
[0]1,0,0,0,,0
[1]1,0,0,0,,0
[2]1,0,0,0,,0
[3]1,0,0,0,,0
|[4, 0]1|,0,0,0,,0
|[4, 1]1|,0,0,0,,0
|[4, 2]1|,0,0,0,,0
|[4, 3]1|,0,0,0,,0
|[4, 5]1|,0,0,0,,0
|[5, 0]1|,0,0,0,,0
|[5, 1]1|,0,0,0,,0
|[5, 2]1|,0,0,0,,0
|[5, 3]1|,0,0,0,,0
|[5, 4, 0]1|,0,0,0,,0
|[5, 4, 1]1|,0,0,0,,0
|[5, 4, 2]1|,0,0,0,,0
|[5, 4, 3]1|,1,0,0,,0
|[5, 4, 5, 0]1|,0,0,0,,0
|[5, 4, 5, 1]1|,0,0,0,,0
|[5, 4, 5, 2]1|,0,0,0,,0
|[5, 4, 5, 3]1|,0,0,0,,0
|[10, 12, 7]2|,0,0,0,,0
|[10, 12, 9]2|,0,0,0,,0
|[10, 12, 11]2|,0,0,0,,0
[11]2,0,0,0,,0
[2]1,5,0,0,,9
[7]2,1,0,1.0,,16
[0]1,0,0,0,,0
[1]1,0,0,0,,0
[3]1,0,0,0,,0
|[4, 0]1|,0,0,0,,0
|[4, 1]1|,1,0,0,,0
|[4, 3]1|,0,0,0,,0
|[4, 5]1|,0,0,0,,0
|[5, 0]1|,0,0,0,,0
|[5, 1]1|,0,0,0,,0
|[5, 3]1|,0,0,0,,0
|[5, 4, 0]1|,0,0,0,,0
|[5, 4, 1]1|,0,0,0,,0
|[5, 4, 3]1|,0,0,0,,0
|[5, 4, 5, 0]1|,0,0,0,,0
|[5, 4, 5, 1]1|,0,0,0,,0
|[5, 4, 5, 3]1|,0,0,0,,0
[9]2,1,0,1.0,,0
|[10, 7]2|,1,0,0.08333333333333333,,16
[0]1,0,0,0,,0
[1]1,0,0,0,,0
[3]1,0,0,0,,0
|[4, 0]1|,0,0,0,,0
|[4, 1]1|,0,0,0,,0
|[4, 3]1|,0,0,0,,0
|[4, 5]1|,0,0,0,,0
|[5, 0]1|,0,0,0,,0
|[5, 1]1|,0,0,0,,0
|[5, 3]1|,0,0,0,,0
|[5, 4, 0]1|,0,0,0,,0
|[5, 4, 1]1|,0,0,0,,0
|[5, 4, 3]1|,0,0,0,,0
|[5, 4, 5, 0]1|,0,0,0,,0
|[5, 4, 5, 1]1|,0,0,0,,0
|[5, 4, 5, 3]1|,1,0,0,,0
|[10, 9]2|,1,0,1.0,,16
[0]1,0,0,0,,0
[1]1,1,0,0,,0
[3]1,0,0,0,,0
|[4, 0]1|,0,0,0,,0
|[4, 1]1|,0,0,0,,0
|[4, 3]1|,0,0,0,,0
|[4, 5]1|,0,0,0,,0
|[5, 0]1|,0,0,0,,0
|[5, 1]1|,0,0,0,,0
|[5, 3]1|,0,0,0,,0
|[5, 4, 0]1|,0,0,0,,0
|[5, 4, 1]1|,0,0,0,,0
|[5, 4, 3]1|,0,0,0,,0
|[5, 4, 5, 0]1|,0,0,0,,0
|[5, 4, 5, 1]1|,0,0,0,,0
|[5, 4, 5, 3]1|,0,0,0,,0
|[10, 11]2|,1,0,1.0,,21
[0]1,1,0,0,,0
[1]1,0,0,0,,0
[2]1,0,0,0,,0
[3]1,0,0,0,,0
|[4, 0]1|,0,0,0,,0
|[4, 1]1|,0,0,0,,0
|[4, 2]1|,0,0,0,,0
|[4, 3]1|,0,0,0,,0
|[4, 5]1|,0,0,0,,0
|[5, 0]1|,0,0,0,,0
|[5, 1]1|,0,0,0,,0
|[5, 2]1|,0,0,0,,0
|[5, 3]1|,0,0,0,,0
|[5, 4, 0]1|,0,0,0,,0
|[5, 4, 1]1|,0,0,0,,0
|[5, 4, 2]1|,0,0,0,,0
|[5, 4, 3]1|,0,0,0,,0
|[5, 4, 5, 0]1|,0,0,0,,0
|[5, 4, 5, 1]1|,0,0,0,,0
|[5, 4, 5, 2]1|,0,0,0,,0
|[5, 4, 5, 3]1|,0,0,0,,0
|[10, 12, 7]2|,0,0,0,,0
|[10, 12, 9]2|,0,0,0,,0
|[10, 12, 11]2|,0,0,0,,0
[11]2,0,0,0,,0
[3]1,5,0,0,,9
[7]2,1,0,1.0,,8
[0]1,0,0,0,,0
[1]1,0,0,0,,0
[2]1,0,0,0,,0
[4]1,0,0,0,,0
|[5, 0]1|,0,0,0,,0
|[5, 1]1|,0,0,0,,0
|[5, 2]1|,1,0,0,,0
|[5, 4]1|,0,0,0,,0
[9]2,1,0,0.0,,8
[0]1,0,0,0,,0
[1]1,0,0,0,,0
[2]1,1,0,0,,0
[4]1,0,0,0,,0
|[5, 0]1|,0,0,0,,0
|[5, 1]1|,0,0,0,,0
|[5, 2]1|,0,0,0,,0
|[5, 4]1|,0,0,0,,0
|[10, 7]2|,1,0,1.0,,8
[0]1,0,0,0,,0
[1]1,0,0,0,,0
[2]1,0,0,0,,0
[4]1,0,0,0,,0
|[5, 0]1|,0,0,0,,0
|[5, 1]1|,0,0,0,,0
|[5, 2]1|,1,0,0,,0
|[5, 4]1|,0,0,0,,0
|[10, 9]2|,1,0,1.0,,8
[0]1,0,0,0,,0
[1]1,0,0,0,,0
[2]1,1,0,0,,0
[4]1,0,0,0,,0
|[5, 0]1|,0,0,0,,0
|[5, 1]1|,0,0,0,,0
|[5, 2]1|,0,0,0,,0
|[5, 4]1|,0,0,0,,0
|[10, 11]2|,0,0,0,,0
|[10, 12, 7]2|,0,0,0,,0
|[10, 12, 9]2|,0,0,0,,0
|[10, 12, 11]2|,0,0,0,,0
[11]2,1,0,0.25,,0
|[4, 0]1|,5,0,0,,9
[7]2,1,0,1.0,,5
[0]1,0,0,0,,0
[1]1,0,0,0,,0
[2]1,0,0,0,,0
[3]1,0,0,0,,0
[5]1,1,0,0,,0
[9]2,1,0,1.0,,4
[1]1,0,0,0,,0
[2]1,0,0,0,,0
[3]1,0,0,0,,0
[5]1,1,0,0,,0
|[10, 7]2|,1,0,1.0,,5
[0]1,0,0,0,,0
[1]1,0,0,0,,0
[2]1,1,0,0,,0
[3]1,0,0,0,,0
[5]1,0,0,0,,0
|[10, 9]2|,1,0,0.2916666666666667,,4
[1]1,0,0,0,,0
[2]1,0,0,0,,0
[3]1,1,0,0,,0
[5]1,0,0,0,,0
|[10, 11]2|,0,0,0,,0
|[10, 12, 7]2|,0,0,0,,0
|[10, 12, 9]2|,0,0,0,,0
|[10, 12, 11]2|,0,0,0,,0
[11]2,1,0,1.0,,0
|[4, 1]1|,5,0,0,,9
[7]2,1,0,1.0,,5
[0]1,0,0,0,,0
[1]1,0,0,0,,0
[2]1,1,0,0,,0
[3]1,0,0,0,,0
[5]1,0,0,0,,0
[9]2,1,0,0.08333333333333333,,4
[0]1,0,0,0,,0
[2]1,0,0,0,,0
[3]1,1,0,0,,0
[5]1,0,0,0,,0
|[10, 7]2|,1,0,0.375,,5
[0]1,1,0,0,,0
[1]1,0,0,0,,0
[2]1,0,0,0,,0
[3]1,0,0,0,,0
[5]1,0,0,0,,0
|[10, 9]2|,1,0,0.3333333333333333,,4
[0]1,0,0,0,,0
[2]1,1,0,0,,0
[3]1,0,0,0,,0
[5]1,0,0,0,,0
|[10, 11]2|,1,0,0.25,,0
|[10, 12, 7]2|,0,0,0,,0
|[10, 12, 9]2|,0,0,0,,0
|[10, 12, 11]2|,0,0,0,,0
[11]2,0,0,0,,0
|[4, 2]1|,5,0,0,,9
[7]2,1,0,0.125,,4
[0]1,0,0,0,,0
[1]1,1,0,0,,0
[3]1,0,0,0,,0
[5]1,0,0,0,,0
[9]2,1,0,0.0,,4
[0]1,1,0,0,,0
[1]1,0,0,0,,0
[3]1,0,0,0,,0
[5]1,0,0,0,,0
|[10, 7]2|,1,0,1.0,,0
|[10, 9]2|,1,0,1.0,,4
[0]1,0,0,0,,0
[1]1,0,0,0,,0
[3]1,0,0,0,,0
[5]1,1,0,0,,0
|[10, 11]2|,1,0,0.25,,5
[0]1,0,0,0,,0
[1]1,0,0,0,,0
[2]1,0,0,0,,0
[3]1,1,0,0,,0
[5]1,0,0,0,,0
|[10, 12, 7]2|,0,0,0,,0
|[10, 12, 9]2|,0,0,0,,0
|[10, 12, 11]2|,0,0,0,,0
[11]2,0,0,0,,0
|[4, 3]1|,5,0,0,,9
[7]2,1,0,0.20833333333333334,,5
[0]1,0,0,0,,0
[1]1,0,0,0,,0
[2]1,0,0,0,,0
[4]1,0,0,0,,0
[5]1,1,0,0,,0
[9]2,1,0,1.0,,5
[0]1,1,0,0,,0
[1]1,0,0,0,,0
[2]1,0,0,0,,0
[4]1,0,0,0,,0
[5]1,0,0,0,,0
|[10, 7]2|,1,0,0.08333333333333333,,5
[0]1,0,0,0,,0
[1]1,0,0,0,,0
[2]1,0,0,0,,0
[4]1,0,0,0,,0
[5]1,1,0,0,,0
|[10, 9]2|,1,0,1.0,,0
|[10, 11]2|,1,0,1.0,,5
[0]1,0,0,0,,0
[1]1,0,0,0,,0
[2]1,0,0,0,,0
[4]1,0,0,0,,0
[5]1,1,0,0,,0
|[10, 12, 7]2|,0,0,0,,0
|[10, 12, 9]2|,0,0,0,,0
|[10, 12, 11]2|,0,0,0,,0
[11]2,0,0,0,,0
|[4, 5]1|,5,0,0,,9
[7]2,1,0,1.0,,4
[0]1,1,0,0,,0
[1]1,0,0,0,,0
[2]1,0,0,0,,0
[3]1,0,0,0,,0
[9]2,1,0,1.0,,4
[0]1,0,0,0,,0
[1]1,1,0,0,,0
[2]1,0,0,0,,0
[3]1,0,0,0,,0
|[10, 7]2|,1,0,-0.041666666666666664,,4
[0]1,0,0,0,,0
[1]1,0,0,0,,0
[2]1,1,0,0,,0
[3]1,0,0,0,,0
|[10, 9]2|,1,0,1.0,,4
[0]1,1,0,0,,0
[1]1,0,0,0,,0
[2]1,0,0,0,,0
[3]1,0,0,0,,0
|[10, 11]2|,0,0,0,,0
|[10, 12, 7]2|,0,0,0,,0
|[10, 12, 9]2|,0,0,0,,0
|[10, 12, 11]2|,0,0,0,,0
[11]2,1,0,-0.125,,0
|[5, 0]1|,4,0,0,,9
[7]2,1,0,1.0,,12
[0]1,0,0,0,,0
[1]1,0,0,0,,0
[2]1,0,0,0,,0
[3]1,0,0,0,,0
|[4, 0]1|,0,0,0,,0
|[4, 1]1|,1,0,0,,0
|[4, 2]1|,0,0,0,,0
|[4, 3]1|,0,0,0,,0
|[4, 5, 0]1|,0,0,0,,0
|[4, 5, 1]1|,0,0,0,,0
|[4, 5, 2]1|,0,0,0,,0
|[4, 5, 3]1|,0,0,0,,0
[9]2,1,0,0.2916666666666667,,9
[1]1,0,0,0,,0
[2]1,0,0,0,,0
[3]1,0,0,0,,0
|[4, 1]1|,0,0,0,,0
|[4, 2]1|,1,0,0,,0
|[4, 3]1|,0,0,0,,0
|[4, 5, 1]1|,0,0,0,,0
|[4, 5, 2]1|,0,0,0,,0
|[4, 5, 3]1|,0,0,0,,0
|[10, 7]2|,1,0,1.0,,12
[0]1,0,0,0,,0
[1]1,0,0,0,,0
[2]1,0,0,0,,0
[3]1,0,0,0,,0
|[4, 0]1|,0,0,0,,0
|[4, 1]1|,0,0,0,,0
|[4, 2]1|,0,0,0,,0
|[4, 3]1|,0,0,0,,0
|[4, 5, 0]1|,0,0,0,,0
|[4, 5, 1]1|,0,0,0,,0
|[4, 5, 2]1|,1,0,0,,0
|[4, 5, 3]1|,0,0,0,,0
|[10, 9]2|,0,0,0,,0
|[10, 11]2|,0,0,0,,0
|[10, 12, 7]2|,1,0,0.08333333333333333,,0
|[10, 12, 9]2|,0,0,0,,0
|[10, 12, 11]2|,0,0,0,,0
[11]2,0,0,0,,0
|[5, 1]1|,4,0,0,,9
[7]2,1,0,1.0,,12
[0]1,1,0,0,,0
[1]1,0,0,0,,0
[2]1,0,0,0,,0
[3]1,0,0,0,,0
|[4, 0]1|,0,0,0,,0
|[4, 1]1|,0,0,0,,0
|[4, 2]1|,0,0,0,,0
|[4, 3]1|,0,0,0,,0
|[4, 5, 0]1|,0,0,0,,0
|[4, 5, 1]1|,0,0,0,,0
|[4, 5, 2]1|,0,0,0,,0
|[4, 5, 3]1|,0,0,0,,0
[9]2,1,0,1.0,,9
[0]1,0,0,0,,0
[2]1,0,0,0,,0
[3]1,0,0,0,,0
|[4, 0]1|,0,0,0,,0
|[4, 2]1|,0,0,0,,0
|[4, 3]1|,0,0,0,,0
|[4, 5, 0]1|,1,0,0,,0
|[4, 5, 2]1|,0,0,0,,0
|[4, 5, 3]1|,0,0,0,,0
|[10, 7]2|,1,0,1.0,,12
[0]1,0,0,0,,0
[1]1,0,0,0,,0
[2]1,0,0,0,,0
[3]1,0,0,0,,0
|[4, 0]1|,1,0,0,,0
|[4, 1]1|,0,0,0,,0
|[4, 2]1|,0,0,0,,0
|[4, 3]1|,0,0,0,,0
|[4, 5, 0]1|,0,0,0,,0
|[4, 5, 1]1|,0,0,0,,0
|[4, 5, 2]1|,0,0,0,,0
|[4, 5, 3]1|,0,0,0,,0
|[10, 9]2|,0,0,0,,0
|[10, 11]2|,1,0,0.25,,0
|[10, 12, 7]2|,0,0,0,,0
|[10, 12, 9]2|,0,0,0,,0
|[10, 12, 11]2|,0,0,0,,0
[11]2,0,0,0,,0
|[5, 2]1|,4,0,0,,9
[7]2,1,0,0.08333333333333333,,9
[0]1,1,0,0,,0
[1]1,0,0,0,,0
[3]1,0,0,0,,0
|[4, 0]1|,0,0,0,,0
|[4, 1]1|,0,0,0,,0
|[4, 3]1|,0,0,0,,0
|[4, 5, 0]1|,0,0,0,,0
|[4, 5, 1]1|,0,0,0,,0
|[4, 5, 3]1|,0,0,0,,0
[9]2,1,0,1.0,,9
[0]1,0,0,0,,0
[1]1,0,0,0,,0
[3]1,1,0,0,,0
|[4, 0]1|,0,0,0,,0
|[4, 1]1|,0,0,0,,0
|[4, 3]1|,0,0,0,,0
|[4, 5, 0]1|,0,0,0,,0
|[4, 5, 1]1|,0,0,0,,0
|[4, 5, 3]1|,0,0,0,,0
|[10, 7]2|,1,0,1.0,,9
[0]1,0,0,0,,0
[1]1,0,0,0,,0
[3]1,0,0,0,,0
|[4, 0]1|,0,0,0,,0
|[4, 1]1|,0,0,0,,0
|[4, 3]1|,0,0,0,,0
|[4, 5, 0]1|,1,0,0,,0
|[4, 5, 1]1|,0,0,0,,0
|[4, 5, 3]1|,0,0,0,,0
|[10, 9]2|,0,0,0,,0
|[10, 11]2|,0,0,0,,0
|[10, 12, 7]2|,0,0,0,,0
|[10, 12, 9]2|,0,0,0,,0
|[10, 12, 11]2|,0,0,0,,0
[11]2,1,0,1.0,,0
|[5, 3]1|,4,0,0,,9
[7]2,1,0,1.0,,4
[0]1,0,0,0,,0
[1]1,0,0,0,,0
[2]1,1,0,0,,0
[4]1,0,0,0,,0
[9]2,1,0,-0.041666666666666664,,0
|[10, 7]2|,1,0,1.0,,4
[0]1,1,0,0,,0
[1]1,0,0,0,,0
[2]1,0,0,0,,0
[4]1,0,0,0,,0
|[10, 9]2|,1,0,1.0,,4
[0]1,0,0,0,,0
[1]1,0,0,0,,0
[2]1,0,0,0,,0
[4]1,1,0,0,,0
|[10, 11]2|,0,0,0,,0
|[10, 12, 7]2|,0,0,0,,0
|[10, 12, 9]2|,0,0,0,,0
|[10, 12, 11]2|,0,0,0,,0
[11]2,0,0,0,,0
|[5, 4, 0]1|,4,0,0,,9
[7]2,1,0,1.0,,8
[0]1,1,0,0,,0
[1]1,0,0,0,,0
[2]1,0,0,0,,0
[3]1,0,0,0,,0
|[5, 0]1|,0,0,0,,0
|[5, 1]1|,0,0,0,,0
|[5, 2]1|,0,0,0,,0
|[5, 3]1|,0,0,0,,0
[9]2,1,0,1.0,,6
[1]1,0,0,0,,0
[2]1,1,0,0,,0
[3]1,0,0,0,,0
|[5, 1]1|,0,0,0,,0
|[5, 2]1|,0,0,0,,0
|[5, 3]1|,0,0,0,,0
|[10, 7]2|,1,0,1.0,,8
[0]1,1,0,0,,0
[1]1,0,0,0,,0
[2]1,0,0,0,,0
[3]1,0,0,0,,0
|[5, 0]1|,0,0,0,,0
|[5, 1]1|,0,0,0,,0
|[5, 2]1|,0,0,0,,0
|[5, 3]1|,0,0,0,,0
|[10, 9]2|,0,0,0,,0
|[10, 11]2|,0,0,0,,0
|[10, 12, 7]2|,0,0,0,,0
|[10, 12, 9]2|,1,0,0.16666666666666666,,0
|[10, 12, 11]2|,0,0,0,,0
[11]2,0,0,0,,0
|[5, 4, 1]1|,4,0,0,,9
[7]2,1,0,0.125,,8
[0]1,0,0,0,,0
[1]1,0,0,0,,0
[2]1,0,0,0,,0
[3]1,0,0,0,,0
|[5, 0]1|,0,0,0,,0
|[5, 1]1|,0,0,0,,0
|[5, 2]1|,0,0,0,,0
|[5, 3]1|,1,0,0,,0
[9]2,1,0,1.0,,6
[0]1,0,0,0,,0
[2]1,0,0,0,,0
[3]1,0,0,0,,0
|[5, 0]1|,0,0,0,,0
|[5, 2]1|,0,0,0,,0
|[5, 3]1|,1,0,0,,0
|[10, 7]2|,1,0,0.3333333333333333,,8
[0]1,0,0,0,,0
[1]1,0,0,0,,0
[2]1,0,0,0,,0
[3]1,0,0,0,,0
|[5, 0]1|,0,0,0,,0
|[5, 1]1|,1,0,0,,0
|[5, 2]1|,0,0,0,,0
|[5, 3]1|,0,0,0,,0
|[10, 9]2|,0,0,0,,0
|[10, 11]2|,0,0,0,,0
|[10, 12, 7]2|,0,0,0,,0
|[10, 12, 9]2|,0,0,0,,0
|[10, 12, 11]2|,1,0,0.125,,0
[11]2,0,0,0,,0
|[5, 4, 2]1|,4,0,0,,9
[7]2,1,0,1.0,,6
[0]1,0,0,0,,0
[1]1,0,0,0,,0
[3]1,0,0,0,,0
|[5, 0]1|,0,0,0,,0
|[5, 1]1|,0,0,0,,0
|[5, 3]1|,1,0,0,,0
[9]2,1,0,1.0,,6
[0]1,0,0,0,,0
[1]1,0,0,0,,0
[3]1,0,0,0,,0
|[5, 0]1|,0,0,0,,0
|[5, 1]1|,0,0,0,,0
|[5, 3]1|,1,0,0,,0
|[10, 7]2|,1,0,0.08333333333333333,,6
[0]1,0,0,0,,0
[1]1,0,0,0,,0
[3]1,0,0,0,,0
|[5, 0]1|,0,0,0,,0
|[5, 1]1|,0,0,0,,0
|[5, 3]1|,1,0,0,,0
|[10, 9]2|,0,0,0,,0
|[10, 11]2|,0,0,0,,0
|[10, 12, 7]2|,1,0,0.125,,0
|[10, 12, 9]2|,0,0,0,,0
|[10, 12, 11]2|,0,0,0,,0
[11]2,0,0,0,,0
|[5, 4, 3]1|,4,0,0,,9
[7]2,1,0,1.0,,0
[9]2,1,0,1.0,,8
[0]1,0,0,0,,0
[1]1,0,0,0,,0
[2]1,0,0,0,,0
[4]1,1,0,0,,0
|[5, 0]1|,0,0,0,,0
|[5, 1]1|,0,0,0,,0
|[5, 2]1|,0,0,0,,0
|[5, 4]1|,0,0,0,,0
|[10, 7]2|,1,0,1.0,,8
[0]1,0,0,0,,0
[1]1,0,0,0,,0
[2]1,0,0,0,,0
[4]1,0,0,0,,0
|[5, 0]1|,0,0,0,,0
|[5, 1]1|,0,0,0,,0
|[5, 2]1|,0,0,0,,0
|[5, 4]1|,1,0,0,,0
|[10, 9]2|,1,0,0.041666666666666664,,8
[0]1,0,0,0,,0
[1]1,1,0,0,,0
[2]1,0,0,0,,0
[4]1,0,0,0,,0
|[5, 0]1|,0,0,0,,0
|[5, 1]1|,0,0,0,,0
|[5, 2]1|,0,0,0,,0
|[5, 4]1|,0,0,0,,0
|[10, 11]2|,0,0,0,,0
|[10, 12, 7]2|,0,0,0,,0
|[10, 12, 9]2|,0,0,0,,0
|[10, 12, 11]2|,0,0,0,,0
[11]2,0,0,0,,0
|[5, 4, 5, 0]1|,4,0,0,,9
[7]2,1,0,1.0,,4
[0]1,1,0,0,,0
[1]1,0,0,0,,0
[2]1,0,0,0,,0
[3]1,0,0,0,,0
[9]2,1,0,1.0,,3
[1]1,0,0,0,,0
[2]1,0,0,0,,0
[3]1,1,0,0,,0
|[10, 7]2|,1,0,1.0,,4
[0]1,0,0,0,,0
[1]1,0,0,0,,0
[2]1,1,0,0,,0
[3]1,0,0,0,,0
|[10, 9]2|,0,0,0,,0
|[10, 11]2|,0,0,0,,0
|[10, 12, 7]2|,0,0,0,,0
|[10, 12, 9]2|,0,0,0,,0
|[10, 12, 11]2|,0,0,0,,0
[11]2,1,0,0.041666666666666664,,0
|[5, 4, 5, 1]1|,4,0,0,,9
[7]2,1,0,1.0,,4
[0]1,0,0,0,,0
[1]1,0,0,0,,0
[2]1,1,0,0,,0
[3]1,0,0,0,,0
[9]2,1,0,-0.08333333333333333,,3
[0]1,0,0,0,,0
[2]1,0,0,0,,0
[3]1,1,0,0,,0
|[10, 7]2|,1,0,1.0,,4
[0]1,0,0,0,,0
[1]1,1,0,0,,0
[2]1,0,0,0,,0
[3]1,0,0,0,,0
|[10, 9]2|,0,0,0,,0
|[10, 11]2|,1,0,1.0,,0
|[10, 12, 7]2|,0,0,0,,0
|[10, 12, 9]2|,0,0,0,,0
|[10, 12, 11]2|,0,0,0,,0
[11]2,0,0,0,,0
|[5, 4, 5, 2]1|,4,0,0,,9
[7]2,1,0,1.0,,3
[0]1,0,0,0,,0
[1]1,0,0,0,,0
[3]1,1,0,0,,0
[9]2,1,0,1.0,,0
|[10, 7]2|,1,0,-0.041666666666666664,,3
[0]1,0,0,0,,0
[1]1,0,0,0,,0
[3]1,1,0,0,,0
|[10, 9]2|,1,0,-0.08333333333333333,,3
[0]1,0,0,0,,0
[1]1,0,0,0,,0
[3]1,1,0,0,,0
|[10, 11]2|,0,0,0,,0
|[10, 12, 7]2|,0,0,0,,0
|[10, 12, 9]2|,0,0,0,,0
|[10, 12, 11]2|,0,0,0,,0
[11]2,0,0,0,,0
|[5, 4, 5, 3]1|,4,0,0,,9
[7]2,1,0,0.2916666666666667,,4
[0]1,0,0,0,,0
[1]1,1,0,0,,0
[2]1,0,0,0,,0
[4]1,0,0,0,,0
[9]2,1,0,1.0,,4
[0]1,1,0,0,,0
[1]1,0,0,0,,0
[2]1,0,0,0,,0
[4]1,0,0,0,,0
|[10, 7]2|,1,0,1.0,,0
|[10, 9]2|,1,0,1.0,,4
[0]1,0,0,0,,0
[1]1,0,0,0,,0
[2]1,1,0,0,,0
[4]1,0,0,0,,0
|[10, 11]2|,0,0,0,,0
|[10, 12, 7]2|,0,0,0,,0
|[10, 12, 9]2|,0,0,0,,0
|[10, 12, 11]2|,0,0,0,,0
[11]2,0,0,0,,0
